order_id,customer_id,order_date,total_amount,status,payment_method,shipping_method
1,278,2024-05-17,156.91,delivered,google_pay,standard
2,11,2023-01-01,469.12,delivered,google_pay,overnight
3,470,2023-04-24,1406.41,delivered,paypal,standard
4,363,2024-12-11,1161.24,returned,google_pay,standard
5,94,2024-09-18,275.9,shipped,credit_card,standard
6,178,2023-06-21,63.38,returned,paypal,standard
7,128,2023-12-25,1026.9,shipped,apple_pay,express
8,180,2023-04-14,885.35,delivered,credit_card,express
9,88,2023-06-14,87.28,cancelled,google_pay,overnight
10,458,2023-02-01,742.05,delivered,google_pay,express
11,339,2023-09-01,219.42,delivered,google_pay,express
12,79,2023-01-04,1313.65,delivered,credit_card,express
13,402,2024-05-15,993.83,delivered,credit_card,express
14,226,2023-08-20,908.4,delivered,google_pay,express
15,498,2023-08-21,1470.91,processing,credit_card,overnight
16,293,2025-03-30,860.62,cancelled,debit_card,overnight
17,133,2025-01-14,282.44,delivered,apple_pay,overnight
18,167,2024-06-16,875.82,cancelled,google_pay,standard
19,403,2024-07-02,1955.92,delivered,debit_card,express
20,207,2024-09-15,327.71,delivered,paypal,express
21,144,2024-12-13,249.53,processing,apple_pay,express
22,138,2024-09-11,233.24,shipped,apple_pay,overnight
23,249,2024-01-18,236.75,processing,paypal,overnight
24,260,2025-03-10,800.06,delivered,apple_pay,overnight
25,204,2023-05-07,117.8,shipped,google_pay,express
26,91,2024-04-30,1333.93,returned,debit_card,overnight
27,116,2023-10-03,564.05,shipped,paypal,overnight
28,496,2023-10-09,654.05,shipped,google_pay,standard
29,4,2024-11-09,766.22,delivered,paypal,express
30,134,2024-10-29,1401.36,shipped,debit_card,overnight
31,14,2023-10-30,773.2,shipped,debit_card,express
32,372,2024-12-03,703.46,shipped,google_pay,standard
33,485,2023-12-10,150.2,shipped,paypal,express
34,404,2024-01-16,759.54,cancelled,google_pay,overnight
35,37,2023-07-19,913.7,delivered,paypal,overnight
36,93,2024-05-14,808.43,processing,debit_card,express
37,403,2023-04-01,277.04,processing,credit_card,standard
38,274,2024-01-18,877.83,delivered,credit_card,overnight
39,3,2023-09-12,738.85,shipped,google_pay,express
40,86,2023-02-16,1682.11,delivered,paypal,express
41,184,2023-06-18,600.34,processing,credit_card,express
42,449,2025-02-28,996.99,shipped,credit_card,express
43,216,2024-11-09,1142.87,shipped,debit_card,express
44,426,2023-07-26,962.43,delivered,paypal,standard
45,2,2023-04-02,783.86,delivered,debit_card,standard
46,400,2025-01-10,105.12,delivered,apple_pay,express
47,136,2023-04-13,1173.15,delivered,apple_pay,overnight
48,60,2025-02-15,153.82,delivered,debit_card,express
49,184,2024-09-28,628.49,cancelled,apple_pay,overnight
50,436,2024-03-07,486.84,delivered,debit_card,standard
51,214,2024-05-09,1263.45,cancelled,credit_card,express
52,336,2024-12-22,1399.06,delivered,paypal,overnight
53,347,2023-06-02,672.05,shipped,google_pay,standard
54,282,2024-02-17,177.04,shipped,credit_card,express
55,229,2024-05-24,171.87,delivered,credit_card,overnight
56,282,2023-04-04,682.3,delivered,google_pay,overnight
57,243,2024-01-08,1756.85,shipped,credit_card,standard
58,460,2023-05-24,363.55,delivered,paypal,standard
59,388,2024-10-10,1139.25,delivered,google_pay,standard
60,355,2025-01-18,993.16,delivered,google_pay,express
61,215,2024-12-10,545.86,returned,debit_card,standard
62,212,2025-02-05,2143.05,shipped,debit_card,overnight
63,278,2023-11-27,90.2,shipped,google_pay,overnight
64,483,2024-03-03,1009.59,shipped,paypal,standard
65,430,2025-03-14,896.19,delivered,google_pay,standard
66,381,2024-02-03,677.39,shipped,apple_pay,express
67,490,2024-12-02,661.1,processing,debit_card,overnight
68,361,2024-01-12,1831.02,shipped,apple_pay,express
69,285,2023-06-14,1378.4,delivered,apple_pay,overnight
70,282,2025-03-13,788.28,delivered,google_pay,express
71,48,2023-08-07,688.41,delivered,credit_card,standard
72,343,2023-09-04,2123.57,delivered,google_pay,express
73,250,2024-10-29,482.01,delivered,google_pay,overnight
74,4,2023-08-04,255.75,shipped,apple_pay,overnight
75,419,2025-02-03,702.91,cancelled,credit_card,standard
76,92,2024-07-25,275.04,processing,apple_pay,express
77,231,2024-03-19,1181.95,shipped,google_pay,standard
78,359,2024-01-02,1296.04,processing,debit_card,overnight
79,201,2024-07-12,298.12,processing,credit_card,overnight
80,306,2024-07-14,248.23,delivered,paypal,standard
81,212,2024-06-08,326.12,cancelled,credit_card,standard
82,344,2023-02-25,1679.67,processing,debit_card,standard
83,146,2023-07-18,951.39,shipped,google_pay,overnight
84,187,2024-03-14,437.17,processing,apple_pay,express
85,431,2024-11-26,1498.68,delivered,debit_card,overnight
86,311,2023-10-15,274.56,delivered,credit_card,standard
87,435,2023-02-01,1297.33,delivered,google_pay,overnight
88,439,2024-04-20,752.69,delivered,apple_pay,standard
89,92,2024-08-02,329.48,delivered,credit_card,express
90,190,2024-11-15,631.99,delivered,credit_card,overnight
91,166,2024-06-17,1607.11,delivered,google_pay,overnight
92,460,2024-06-13,810.78,processing,credit_card,overnight
93,452,2023-06-19,930.29,delivered,debit_card,standard
94,186,2023-05-02,166.25,shipped,apple_pay,express
95,108,2024-10-24,1091.04,delivered,debit_card,standard
96,86,2023-07-04,475.98,delivered,debit_card,overnight
97,421,2024-09-30,1124.17,processing,apple_pay,standard
98,311,2024-05-02,820.0,delivered,apple_pay,overnight
99,216,2023-02-14,1680.15,delivered,apple_pay,standard
100,466,2023-10-18,1918.11,cancelled,debit_card,overnight
101,412,2024-01-06,274.82,delivered,google_pay,express
102,134,2024-03-09,1632.81,cancelled,paypal,overnight
103,177,2024-02-12,908.49,processing,credit_card,standard
104,261,2023-12-13,1331.4,delivered,google_pay,standard
105,371,2024-02-15,1460.51,delivered,google_pay,overnight
106,265,2024-09-21,114.19,shipped,credit_card,express
107,400,2024-11-16,1396.25,delivered,google_pay,overnight
108,179,2023-10-11,255.44,delivered,debit_card,express
109,260,2023-03-16,1875.82,delivered,debit_card,express
110,493,2024-11-28,1700.21,processing,paypal,express
111,490,2024-07-02,237.5,delivered,credit_card,express
112,345,2023-12-17,82.92,shipped,paypal,express
113,112,2023-10-03,452.76,cancelled,debit_card,express
114,106,2023-09-13,803.03,delivered,google_pay,express
115,253,2024-08-11,1117.72,cancelled,credit_card,overnight
116,410,2024-07-07,156.26,delivered,debit_card,express
117,500,2024-06-14,1540.4,delivered,google_pay,express
118,122,2024-09-19,593.64,delivered,apple_pay,express
119,231,2023-05-15,1528.85,delivered,credit_card,standard
120,216,2024-10-07,1340.15,delivered,paypal,express
121,430,2024-04-05,848.21,shipped,credit_card,express
122,445,2024-09-12,273.99,shipped,paypal,overnight
123,262,2025-01-24,676.03,delivered,google_pay,express
124,435,2023-03-23,905.89,cancelled,paypal,overnight
125,331,2024-03-31,1404.68,delivered,paypal,overnight
126,359,2023-08-04,215.83,shipped,credit_card,standard
127,395,2025-02-22,162.83,delivered,debit_card,standard
128,336,2024-02-04,874.66,cancelled,debit_card,standard
129,18,2023-11-30,1592.3,shipped,google_pay,express
130,269,2024-06-30,1023.19,shipped,apple_pay,express
131,80,2023-01-01,609.55,delivered,paypal,overnight
132,119,2024-07-15,958.88,processing,apple_pay,express
133,113,2024-03-08,1254.88,delivered,paypal,express
134,97,2023-07-06,1286.26,cancelled,paypal,overnight
135,319,2023-11-25,145.49,delivered,credit_card,standard
136,498,2023-10-03,266.02,delivered,apple_pay,standard
137,176,2025-03-15,442.63,delivered,google_pay,express
138,93,2023-09-14,1512.0,delivered,credit_card,overnight
139,341,2024-04-29,2347.37,returned,debit_card,express
140,455,2024-11-13,595.79,delivered,debit_card,express
141,300,2025-03-19,996.86,delivered,google_pay,standard
142,191,2023-09-12,577.92,processing,credit_card,standard
143,183,2024-12-19,1353.11,shipped,apple_pay,express
144,371,2023-02-10,1258.6,delivered,apple_pay,express
145,445,2024-07-21,280.0,processing,paypal,overnight
146,188,2025-03-05,732.99,delivered,apple_pay,overnight
147,79,2023-11-27,1498.45,shipped,credit_card,express
148,99,2024-08-07,709.26,delivered,apple_pay,standard
149,240,2023-03-04,1139.43,processing,credit_card,express
150,40,2024-06-15,640.56,cancelled,google_pay,express
151,98,2024-11-03,236.95,delivered,credit_card,overnight
152,296,2024-04-14,936.67,delivered,paypal,express
153,282,2023-11-29,1454.72,returned,google_pay,overnight
154,131,2024-04-08,1231.4,delivered,debit_card,express
155,12,2024-12-07,640.5,processing,paypal,standard
156,71,2024-08-19,598.92,delivered,google_pay,standard
157,376,2023-11-29,1650.67,delivered,credit_card,standard
158,472,2023-12-23,1167.17,processing,paypal,overnight
159,290,2024-05-29,643.84,delivered,google_pay,overnight
160,259,2024-03-18,373.26,delivered,google_pay,express
161,135,2024-05-28,1397.25,delivered,google_pay,standard
162,125,2025-03-06,2028.92,delivered,google_pay,overnight
163,13,2023-06-23,283.93,processing,credit_card,standard
164,379,2024-09-27,312.82,delivered,apple_pay,express
165,12,2025-01-27,2185.34,delivered,google_pay,overnight
166,270,2023-06-24,62.05,delivered,google_pay,express
167,28,2023-01-09,748.92,delivered,paypal,standard
168,10,2024-10-26,1137.5,delivered,apple_pay,overnight
169,475,2023-02-10,691.12,shipped,debit_card,standard
170,178,2023-12-30,416.44,shipped,paypal,standard
171,78,2024-02-07,608.54,delivered,debit_card,express
172,124,2024-03-12,1656.5,delivered,debit_card,standard
173,159,2024-06-20,332.1,shipped,credit_card,overnight
174,273,2023-05-02,836.55,cancelled,apple_pay,express
175,227,2024-10-14,499.2,shipped,paypal,overnight
176,291,2024-09-02,1024.97,shipped,apple_pay,standard
177,258,2024-04-25,688.31,processing,apple_pay,standard
178,474,2024-02-27,205.69,delivered,google_pay,express
179,353,2024-04-13,83.14,delivered,apple_pay,overnight
180,161,2025-01-30,889.91,delivered,apple_pay,overnight
181,392,2023-02-20,733.15,shipped,debit_card,express
182,151,2023-02-25,1628.99,shipped,credit_card,standard
183,233,2024-12-30,491.16,delivered,debit_card,overnight
184,376,2023-04-27,1020.79,delivered,credit_card,standard
185,468,2024-11-06,78.42,delivered,apple_pay,express
186,159,2024-04-01,543.64,shipped,apple_pay,express
187,438,2023-01-06,1261.93,delivered,google_pay,standard
188,26,2023-02-26,511.07,delivered,apple_pay,standard
189,83,2024-09-17,973.89,shipped,apple_pay,overnight
190,34,2023-05-18,414.95,delivered,apple_pay,overnight
191,108,2024-09-18,230.67,shipped,google_pay,standard
192,248,2024-09-11,1099.6,shipped,google_pay,express
193,267,2024-05-24,1164.05,shipped,debit_card,overnight
194,213,2023-12-08,1660.46,delivered,credit_card,express
195,154,2023-11-28,496.62,delivered,paypal,express
196,371,2023-01-30,258.46,delivered,credit_card,overnight
197,70,2024-10-04,1380.12,delivered,google_pay,overnight
198,10,2024-12-02,447.63,delivered,google_pay,standard
199,293,2023-07-11,2443.15,shipped,debit_card,standard
200,192,2025-03-07,623.82,processing,debit_card,standard
201,175,2025-01-20,2324.78,cancelled,credit_card,express
202,478,2024-08-31,63.38,delivered,credit_card,overnight
203,393,2023-11-16,467.57,shipped,debit_card,express
204,103,2023-10-11,1646.07,delivered,paypal,overnight
205,164,2024-12-22,1734.05,delivered,credit_card,standard
206,15,2024-11-22,180.92,delivered,credit_card,express
207,201,2024-09-02,1737.42,delivered,apple_pay,standard
208,234,2024-10-21,759.23,delivered,paypal,express
209,250,2024-05-01,405.08,delivered,debit_card,express
210,394,2024-08-11,595.9,delivered,credit_card,express
211,285,2025-03-22,220.71,shipped,debit_card,express
212,197,2023-08-02,1327.7,delivered,google_pay,overnight
213,238,2023-04-10,1088.8,delivered,apple_pay,overnight
214,339,2023-08-11,393.83,delivered,google_pay,express
215,200,2024-04-02,956.24,shipped,apple_pay,overnight
216,469,2023-04-02,1677.48,delivered,paypal,standard
217,121,2024-08-27,1225.65,delivered,apple_pay,express
218,431,2023-10-23,203.03,delivered,apple_pay,overnight
219,224,2023-05-20,62.28,returned,apple_pay,express
220,458,2024-09-10,927.27,processing,google_pay,standard
221,296,2025-01-18,1023.52,delivered,credit_card,standard
222,291,2024-01-13,294.85,delivered,credit_card,standard
223,374,2025-02-07,691.09,shipped,credit_card,overnight
224,325,2024-08-16,305.93,delivered,paypal,express
225,181,2025-03-28,1639.68,returned,google_pay,express
226,32,2024-08-15,1154.25,shipped,credit_card,express
227,249,2024-06-01,461.06,delivered,google_pay,express
228,141,2023-01-15,72.7,cancelled,debit_card,overnight
229,229,2023-06-29,445.47,delivered,google_pay,standard
230,429,2024-02-27,1110.21,delivered,debit_card,express
231,205,2024-05-02,1624.37,delivered,google_pay,overnight
232,490,2024-06-28,613.27,delivered,apple_pay,express
233,396,2023-09-05,2347.12,shipped,apple_pay,express
234,113,2023-09-15,405.93,shipped,debit_card,overnight
235,327,2023-05-03,137.51,delivered,google_pay,standard
236,459,2023-07-08,1424.46,delivered,paypal,express
237,83,2023-10-11,173.68,processing,credit_card,express
238,490,2023-07-02,587.79,processing,google_pay,overnight
239,55,2025-01-02,752.48,cancelled,apple_pay,standard
240,335,2023-02-08,1448.63,shipped,credit_card,overnight
241,116,2024-12-06,403.79,delivered,paypal,overnight
242,437,2023-03-24,723.21,returned,paypal,express
243,44,2024-03-24,213.79,cancelled,debit_card,express
244,200,2024-07-07,609.76,delivered,credit_card,express
245,61,2024-10-31,1314.64,delivered,debit_card,overnight
246,333,2023-06-26,277.43,delivered,google_pay,standard
247,428,2023-04-19,290.54,delivered,google_pay,standard
248,33,2024-03-12,1103.04,processing,debit_card,standard
249,304,2023-03-06,184.42,delivered,apple_pay,standard
250,357,2023-06-18,1021.51,delivered,apple_pay,standard
251,4,2023-04-02,534.76,delivered,credit_card,overnight
252,93,2024-09-18,76.27,shipped,credit_card,overnight
253,121,2024-06-26,148.66,delivered,debit_card,express
254,395,2023-08-02,490.73,shipped,credit_card,standard
255,331,2023-08-03,291.33,delivered,google_pay,standard
256,37,2025-01-08,1141.18,cancelled,debit_card,overnight
257,212,2024-01-20,715.95,cancelled,debit_card,standard
258,476,2023-07-02,738.3,shipped,google_pay,standard
259,144,2024-04-21,534.34,delivered,google_pay,standard
260,45,2024-06-18,913.82,delivered,google_pay,standard
261,457,2023-06-02,891.35,cancelled,apple_pay,standard
262,43,2023-01-13,944.29,delivered,apple_pay,overnight
263,383,2024-04-10,745.47,delivered,apple_pay,overnight
264,171,2023-10-31,2806.57,delivered,paypal,standard
265,57,2024-04-21,1494.4,delivered,google_pay,overnight
266,108,2025-02-18,616.9,processing,paypal,standard
267,33,2024-04-08,875.95,delivered,paypal,overnight
268,485,2023-03-09,200.15,shipped,credit_card,standard
269,85,2024-12-14,593.93,delivered,paypal,express
270,497,2023-05-16,740.62,shipped,paypal,express
271,297,2024-10-23,548.12,delivered,paypal,standard
272,405,2024-05-10,439.9,delivered,google_pay,express
273,94,2024-12-26,158.4,returned,debit_card,express
274,134,2023-07-30,1072.45,delivered,debit_card,express
275,476,2023-01-05,1863.25,delivered,credit_card,standard
276,348,2023-11-12,58.06,delivered,debit_card,express
277,183,2023-02-26,1329.21,delivered,debit_card,express
278,163,2024-06-07,110.12,shipped,apple_pay,express
279,198,2023-10-19,1349.74,delivered,apple_pay,express
280,148,2025-01-15,562.0,delivered,apple_pay,standard
281,4,2023-10-07,615.3,delivered,credit_card,express
282,428,2024-05-20,1781.43,delivered,apple_pay,standard
283,252,2024-10-22,506.3,cancelled,paypal,overnight
284,247,2023-09-22,1396.06,delivered,apple_pay,overnight
285,70,2023-02-24,217.44,delivered,google_pay,standard
286,393,2025-02-22,701.1,shipped,paypal,overnight
287,410,2024-12-02,524.71,delivered,paypal,express
288,399,2023-12-15,305.43,delivered,debit_card,overnight
289,315,2024-06-22,850.02,shipped,apple_pay,overnight
290,268,2023-12-17,315.47,processing,debit_card,overnight
291,73,2023-11-11,271.0,shipped,credit_card,standard
292,10,2025-02-14,1081.68,processing,credit_card,express
293,342,2023-04-09,242.73,delivered,debit_card,overnight
294,180,2023-05-30,735.88,delivered,debit_card,overnight
295,292,2024-08-15,87.09,delivered,debit_card,express
296,88,2024-07-04,192.17,cancelled,apple_pay,express
297,358,2024-03-26,269.8,delivered,apple_pay,standard
298,264,2023-04-26,798.22,delivered,paypal,overnight
299,370,2023-12-02,1131.37,delivered,paypal,express
300,97,2024-05-02,823.78,cancelled,credit_card,standard
301,74,2024-12-12,1159.78,delivered,apple_pay,express
302,392,2024-08-18,1312.11,shipped,debit_card,overnight
303,483,2023-04-12,207.69,delivered,credit_card,standard
304,196,2023-12-01,546.57,shipped,apple_pay,express
305,104,2024-05-24,771.66,delivered,apple_pay,express
306,437,2024-04-15,62.61,delivered,paypal,overnight
307,85,2023-05-18,1321.65,delivered,google_pay,overnight
308,241,2023-06-10,1624.07,delivered,debit_card,express
309,179,2024-08-20,157.3,processing,apple_pay,express
310,183,2023-02-27,978.96,delivered,credit_card,express
311,59,2023-01-21,1302.43,delivered,google_pay,express
312,166,2024-05-15,153.73,delivered,google_pay,overnight
313,174,2023-11-03,707.22,delivered,paypal,express
314,25,2024-08-10,1563.91,delivered,apple_pay,standard
315,178,2024-10-29,526.42,processing,paypal,overnight
316,264,2025-02-20,1771.55,delivered,apple_pay,overnight
317,373,2024-06-18,170.33,shipped,paypal,express
318,211,2023-03-07,778.2,delivered,google_pay,standard
319,208,2023-06-03,892.13,delivered,apple_pay,express
320,332,2023-07-26,335.95,cancelled,google_pay,standard
321,330,2025-01-09,1360.75,cancelled,apple_pay,overnight
322,432,2023-04-25,1688.36,delivered,apple_pay,overnight
323,381,2024-03-09,185.53,delivered,apple_pay,express
324,442,2024-05-17,1271.33,delivered,paypal,standard
325,331,2024-09-12,292.56,returned,debit_card,express
326,283,2024-10-16,339.52,delivered,credit_card,standard
327,153,2023-06-14,1349.92,delivered,apple_pay,standard
328,423,2023-09-25,1360.63,delivered,debit_card,standard
329,206,2023-11-09,747.74,delivered,debit_card,overnight
330,352,2023-11-24,1262.29,delivered,paypal,standard
331,202,2024-08-07,751.81,cancelled,credit_card,express
332,102,2023-06-22,68.94,delivered,google_pay,express
333,77,2024-01-12,336.73,delivered,apple_pay,overnight
334,254,2024-12-31,752.73,delivered,debit_card,express
335,439,2023-08-09,508.05,delivered,debit_card,overnight
336,231,2024-01-14,427.76,cancelled,google_pay,express
337,38,2023-03-02,30.11,delivered,paypal,overnight
338,481,2024-09-04,466.88,shipped,google_pay,express
339,155,2024-11-18,1159.08,returned,paypal,express
340,68,2024-12-28,1398.48,delivered,google_pay,express
341,265,2023-06-18,894.67,delivered,credit_card,standard
342,94,2023-09-24,240.87,delivered,paypal,overnight
343,288,2024-05-19,13.66,delivered,credit_card,standard
344,445,2023-06-22,1895.42,delivered,credit_card,express
345,14,2024-11-27,95.4,delivered,credit_card,express
346,79,2024-04-16,1387.42,delivered,google_pay,standard
347,109,2025-03-31,1787.85,cancelled,debit_card,standard
348,495,2024-02-13,81.85,processing,apple_pay,express
349,146,2024-10-31,228.14,shipped,paypal,overnight
350,309,2024-11-12,496.23,delivered,apple_pay,express
351,454,2023-10-02,1074.22,delivered,debit_card,express
352,270,2024-06-21,542.98,shipped,credit_card,express
353,154,2023-05-11,750.85,delivered,google_pay,standard
354,262,2023-04-07,675.17,delivered,debit_card,standard
355,432,2023-03-27,953.97,delivered,google_pay,express
356,447,2024-03-20,1597.04,shipped,apple_pay,express
357,317,2024-09-23,218.67,processing,credit_card,overnight
358,497,2023-01-28,820.4,delivered,google_pay,standard
359,45,2024-04-19,87.97,delivered,apple_pay,express
360,242,2024-04-05,1285.24,delivered,apple_pay,overnight
361,297,2024-07-21,581.32,delivered,apple_pay,standard
362,366,2023-01-20,1375.4,delivered,paypal,express
363,358,2023-06-15,957.2,delivered,paypal,overnight
364,437,2024-11-03,1496.74,processing,debit_card,express
365,354,2024-11-14,491.79,shipped,debit_card,overnight
366,25,2024-01-03,198.77,returned,google_pay,standard
367,62,2024-05-13,734.98,delivered,google_pay,overnight
368,343,2023-02-21,654.83,delivered,debit_card,overnight
369,150,2025-02-19,701.0,shipped,paypal,overnight
370,88,2024-01-17,854.24,delivered,google_pay,overnight
371,186,2024-03-29,730.31,cancelled,apple_pay,standard
372,223,2025-02-16,484.98,delivered,google_pay,express
373,215,2024-11-28,1908.47,delivered,google_pay,overnight
374,227,2025-03-11,434.94,shipped,google_pay,express
375,110,2024-07-19,580.63,delivered,paypal,overnight
376,217,2023-04-24,281.2,returned,google_pay,express
377,64,2024-10-28,489.08,delivered,credit_card,express
378,174,2025-02-02,1635.22,returned,debit_card,standard
379,168,2023-07-17,570.43,delivered,apple_pay,standard
380,244,2023-03-21,603.09,delivered,apple_pay,overnight
381,217,2024-12-06,377.96,returned,google_pay,standard
382,356,2024-04-29,140.4,delivered,credit_card,overnight
383,437,2023-05-04,1505.66,delivered,paypal,express
384,249,2023-05-27,196.82,delivered,apple_pay,standard
385,63,2023-03-11,67.43,delivered,paypal,overnight
386,232,2025-03-11,607.41,cancelled,credit_card,overnight
387,341,2024-02-01,383.15,shipped,paypal,overnight
388,46,2024-12-25,660.1,cancelled,paypal,overnight
389,331,2024-07-26,314.87,delivered,google_pay,standard
390,491,2023-07-13,377.89,delivered,google_pay,express
391,44,2024-09-13,728.29,processing,google_pay,express
392,196,2023-04-28,299.88,delivered,debit_card,standard
393,131,2023-06-07,1895.16,processing,paypal,express
394,51,2024-02-27,576.81,delivered,debit_card,express
395,261,2024-01-30,291.83,processing,apple_pay,overnight
396,209,2023-01-30,1549.6,delivered,google_pay,express
397,229,2024-10-13,1042.05,delivered,google_pay,express
398,335,2023-01-01,479.12,returned,paypal,overnight
399,195,2024-10-09,548.12,returned,google_pay,overnight
400,36,2024-02-09,70.06,delivered,paypal,express
401,108,2023-11-22,1022.54,shipped,google_pay,express
402,9,2023-05-17,60.1,cancelled,debit_card,express
403,285,2024-12-21,694.49,cancelled,apple_pay,overnight
404,184,2025-02-25,199.88,delivered,debit_card,express
405,5,2023-01-21,738.03,delivered,debit_card,express
406,496,2023-10-15,796.57,delivered,debit_card,overnight
407,379,2024-11-29,1339.69,delivered,google_pay,overnight
408,130,2024-04-09,71.07,shipped,credit_card,express
409,222,2024-02-21,974.36,processing,debit_card,standard
410,143,2024-06-29,1307.09,cancelled,apple_pay,standard
411,470,2023-06-18,665.07,delivered,paypal,express
412,127,2023-09-02,646.93,delivered,credit_card,overnight
413,229,2023-03-29,139.14,delivered,credit_card,standard
414,32,2024-03-28,102.36,cancelled,apple_pay,standard
415,53,2024-07-26,542.98,shipped,credit_card,overnight
416,386,2024-09-05,1383.16,delivered,google_pay,standard
417,56,2024-09-01,349.86,delivered,google_pay,express
418,182,2025-01-12,1273.47,delivered,google_pay,overnight
419,398,2024-04-25,1295.75,delivered,credit_card,standard
420,260,2024-07-26,55.74,processing,debit_card,overnight
421,466,2023-03-12,759.69,delivered,paypal,overnight
422,154,2023-06-16,43.24,delivered,debit_card,standard
423,328,2023-08-24,1101.62,delivered,credit_card,standard
424,184,2023-04-28,447.03,delivered,paypal,standard
425,500,2023-07-22,918.19,delivered,debit_card,standard
426,12,2023-09-26,245.55,delivered,apple_pay,overnight
427,404,2023-12-13,369.41,cancelled,debit_card,overnight
428,410,2024-03-20,99.94,returned,debit_card,standard
429,273,2024-01-19,878.85,delivered,debit_card,express
430,127,2025-03-25,1149.53,delivered,google_pay,standard
431,86,2025-02-08,1725.43,delivered,google_pay,express
432,327,2024-08-20,80.91,cancelled,apple_pay,standard
433,203,2024-03-11,1091.04,delivered,paypal,standard
434,299,2024-06-08,1100.78,delivered,paypal,overnight
435,39,2023-03-26,1020.1,delivered,credit_card,express
436,20,2023-12-08,137.97,delivered,paypal,standard
437,362,2023-05-22,1649.53,shipped,debit_card,express
438,117,2025-02-06,761.14,delivered,apple_pay,overnight
439,417,2025-03-21,256.69,delivered,apple_pay,standard
440,225,2024-07-25,148.87,delivered,debit_card,express
441,483,2024-05-26,355.0,shipped,paypal,express
442,301,2025-03-15,25.95,delivered,google_pay,overnight
443,410,2024-09-14,686.97,shipped,debit_card,standard
444,346,2023-02-02,1242.9,delivered,paypal,overnight
445,6,2024-02-25,741.94,delivered,debit_card,express
446,222,2024-11-11,1563.49,processing,apple_pay,standard
447,423,2023-09-10,957.69,delivered,paypal,express
448,314,2023-06-29,904.77,processing,credit_card,standard
449,454,2023-10-08,2155.92,cancelled,paypal,standard
450,260,2023-01-28,271.22,delivered,apple_pay,standard
451,204,2023-09-14,44.12,delivered,apple_pay,express
452,237,2024-07-15,177.6,delivered,debit_card,standard
453,430,2023-04-13,928.62,delivered,credit_card,overnight
454,391,2023-10-07,180.0,delivered,google_pay,standard
455,227,2024-10-12,1267.19,shipped,debit_card,standard
456,9,2023-01-15,685.11,delivered,credit_card,express
457,263,2023-12-01,818.43,delivered,credit_card,express
458,166,2024-02-16,1050.18,delivered,google_pay,express
459,23,2023-08-12,702.72,delivered,apple_pay,overnight
460,474,2024-12-11,161.59,returned,apple_pay,standard
461,172,2024-08-22,765.01,delivered,debit_card,overnight
462,220,2024-09-26,267.72,processing,apple_pay,express
463,104,2023-07-29,167.4,delivered,apple_pay,overnight
464,450,2023-10-12,950.64,delivered,paypal,express
465,125,2023-02-25,307.8,delivered,credit_card,standard
466,446,2023-07-17,13.66,delivered,credit_card,standard
467,304,2025-03-25,293.28,delivered,paypal,standard
468,370,2024-03-10,544.02,delivered,debit_card,express
469,442,2023-03-23,852.94,processing,apple_pay,standard
470,420,2024-05-08,138.94,returned,credit_card,express
471,305,2024-07-20,243.76,delivered,apple_pay,overnight
472,311,2023-12-08,136.33,delivered,google_pay,overnight
473,372,2024-02-19,1232.55,delivered,google_pay,standard
474,100,2023-09-19,1432.26,processing,debit_card,standard
475,245,2024-01-06,24.59,delivered,apple_pay,overnight
476,76,2024-09-08,1932.19,delivered,paypal,overnight
477,496,2024-01-27,2307.01,delivered,credit_card,standard
478,418,2023-04-10,106.76,delivered,paypal,overnight
479,221,2024-01-19,280.59,delivered,apple_pay,overnight
480,417,2023-07-25,142.0,delivered,apple_pay,express
481,321,2023-04-22,313.87,cancelled,credit_card,express
482,16,2024-05-04,1146.19,delivered,credit_card,express
483,309,2025-02-18,796.96,delivered,paypal,standard
484,482,2024-02-13,634.11,delivered,google_pay,standard
485,445,2024-12-17,1073.9,delivered,apple_pay,overnight
486,212,2023-01-04,580.11,shipped,apple_pay,express
487,379,2023-03-25,369.1,shipped,debit_card,overnight
488,449,2025-01-03,978.91,delivered,debit_card,standard
489,88,2024-11-06,153.78,processing,credit_card,standard
490,476,2024-01-28,483.67,cancelled,apple_pay,standard
491,408,2023-08-18,830.59,shipped,google_pay,standard
492,382,2024-08-09,554.63,cancelled,google_pay,standard
493,434,2024-03-09,652.27,delivered,credit_card,overnight
494,437,2023-05-29,425.79,delivered,credit_card,overnight
495,164,2024-12-06,622.43,delivered,apple_pay,overnight
496,425,2023-10-26,1219.18,delivered,apple_pay,overnight
497,201,2024-11-06,312.08,delivered,apple_pay,express
498,388,2023-03-15,949.25,delivered,debit_card,overnight
499,71,2024-05-09,527.33,delivered,google_pay,standard
500,348,2023-06-01,1168.16,processing,google_pay,express
501,497,2025-01-09,1078.4,delivered,apple_pay,overnight
502,408,2023-04-02,819.97,shipped,google_pay,standard
503,12,2024-08-09,1505.67,delivered,paypal,standard
504,366,2025-03-25,1051.16,cancelled,credit_card,standard
505,495,2023-05-01,923.46,shipped,credit_card,standard
506,295,2023-06-15,283.1,delivered,credit_card,standard
507,64,2024-01-08,1303.07,delivered,paypal,overnight
508,467,2023-12-27,1139.64,returned,debit_card,overnight
509,184,2025-01-16,904.88,delivered,debit_card,overnight
510,105,2025-01-20,802.0,delivered,debit_card,express
511,404,2023-01-27,1529.14,delivered,paypal,standard
512,445,2023-10-08,427.04,processing,apple_pay,standard
513,401,2023-06-29,1766.89,cancelled,apple_pay,standard
514,177,2024-11-25,870.51,processing,paypal,standard
515,471,2024-01-15,108.42,shipped,apple_pay,overnight
516,147,2024-03-14,2071.56,delivered,credit_card,overnight
517,147,2024-05-19,75.25,delivered,debit_card,express
518,255,2024-11-24,1614.69,delivered,google_pay,overnight
519,312,2024-04-04,222.62,delivered,debit_card,overnight
520,181,2024-03-08,897.11,returned,paypal,express
521,151,2023-01-03,2053.4,delivered,paypal,standard
522,3,2025-01-09,84.32,delivered,debit_card,standard
523,271,2023-06-07,1288.84,delivered,apple_pay,standard
524,275,2023-04-22,398.69,processing,paypal,standard
525,69,2025-01-31,356.71,delivered,google_pay,express
526,410,2023-05-11,339.62,shipped,debit_card,express
527,257,2024-12-01,455.37,delivered,apple_pay,express
528,149,2023-03-26,916.83,delivered,apple_pay,standard
529,243,2023-04-16,1212.06,shipped,credit_card,standard
530,195,2023-11-10,213.47,delivered,apple_pay,overnight
531,27,2023-10-03,481.19,delivered,credit_card,overnight
532,382,2023-10-20,1221.63,delivered,credit_card,overnight
533,283,2023-05-14,723.14,processing,credit_card,standard
534,67,2024-09-08,503.32,shipped,debit_card,standard
535,361,2023-04-12,899.64,delivered,paypal,overnight
536,243,2023-07-26,1287.81,returned,credit_card,express
537,35,2024-06-20,1689.33,delivered,google_pay,overnight
538,498,2024-03-24,1536.74,delivered,google_pay,overnight
539,369,2023-11-07,1149.17,delivered,credit_card,overnight
540,122,2024-10-16,390.91,delivered,debit_card,standard
541,274,2024-10-26,972.14,delivered,google_pay,express
542,167,2024-10-02,26.9,returned,paypal,standard
543,132,2024-07-04,757.43,returned,apple_pay,standard
544,374,2024-01-13,846.18,shipped,debit_card,standard
545,292,2025-01-16,220.6,delivered,apple_pay,overnight
546,312,2023-05-27,26.48,delivered,apple_pay,standard
547,371,2025-01-14,405.69,delivered,credit_card,standard
548,424,2024-10-21,64.71,delivered,credit_card,express
549,74,2024-09-06,162.87,cancelled,paypal,overnight
550,44,2024-05-06,1355.0,delivered,credit_card,standard
551,279,2024-06-07,1097.67,delivered,apple_pay,overnight
552,453,2023-04-26,947.51,shipped,credit_card,overnight
553,78,2024-06-27,735.59,delivered,credit_card,express
554,470,2024-01-13,1519.45,delivered,apple_pay,standard
555,58,2025-01-14,883.44,delivered,apple_pay,express
556,356,2024-09-08,1233.96,returned,google_pay,overnight
557,421,2023-03-27,785.9,delivered,credit_card,express
558,185,2025-03-08,358.35,processing,debit_card,standard
559,424,2025-02-03,181.51,delivered,apple_pay,express
560,28,2024-11-09,1328.57,shipped,debit_card,express
561,381,2024-06-24,904.37,delivered,credit_card,standard
562,31,2023-02-02,793.57,cancelled,debit_card,express
563,477,2023-04-05,1175.53,delivered,apple_pay,express
564,161,2024-02-19,587.9,shipped,paypal,standard
565,123,2024-07-08,109.95,delivered,credit_card,express
566,97,2024-10-15,124.0,delivered,google_pay,overnight
567,23,2025-03-20,1573.91,delivered,paypal,express
568,372,2023-05-13,53.87,delivered,google_pay,standard
569,258,2023-06-03,156.31,processing,credit_card,express
570,83,2024-04-19,470.73,delivered,debit_card,overnight
571,335,2025-01-05,963.66,delivered,paypal,express
572,403,2023-10-25,900.51,delivered,google_pay,overnight
573,255,2023-01-16,360.35,delivered,paypal,standard
574,479,2023-03-11,385.14,delivered,apple_pay,express
575,391,2024-10-27,297.58,cancelled,paypal,express
576,210,2024-11-27,369.3,cancelled,paypal,standard
577,350,2024-04-05,1488.33,delivered,credit_card,express
578,193,2024-02-13,120.16,delivered,apple_pay,overnight
579,48,2024-04-24,843.31,delivered,apple_pay,standard
580,143,2024-07-12,204.89,delivered,credit_card,overnight
581,397,2024-01-06,1178.89,delivered,credit_card,express
582,208,2024-12-30,1167.49,delivered,debit_card,express
583,483,2024-05-01,1914.37,delivered,paypal,overnight
584,422,2025-01-30,624.97,cancelled,paypal,overnight
585,370,2024-04-06,419.13,delivered,debit_card,express
586,357,2023-06-20,1382.61,delivered,credit_card,overnight
587,256,2024-04-11,1090.57,shipped,debit_card,overnight
588,305,2024-03-22,1188.97,delivered,google_pay,overnight
589,52,2024-05-30,1406.98,shipped,apple_pay,express
590,465,2024-12-21,1274.96,processing,debit_card,standard
591,461,2023-02-03,175.3,cancelled,paypal,overnight
592,420,2023-11-22,1061.16,shipped,apple_pay,standard
593,411,2024-03-15,584.81,cancelled,apple_pay,standard
594,51,2023-05-10,1112.45,shipped,google_pay,standard
595,15,2024-07-10,550.08,shipped,debit_card,express
596,325,2024-01-02,304.24,shipped,debit_card,overnight
597,400,2024-01-23,370.53,processing,credit_card,standard
598,236,2023-05-06,27.32,cancelled,debit_card,standard
599,40,2024-01-06,287.64,delivered,credit_card,express
600,492,2023-08-04,1217.02,shipped,credit_card,standard
601,500,2023-12-22,2123.43,delivered,google_pay,overnight
602,390,2024-01-09,280.03,delivered,debit_card,standard
603,43,2023-05-10,1177.91,shipped,apple_pay,overnight
604,415,2024-06-08,624.98,delivered,google_pay,express
605,85,2025-01-09,772.43,processing,paypal,express
606,460,2023-03-07,1497.08,shipped,credit_card,standard
607,93,2024-03-15,824.61,processing,paypal,standard
608,400,2023-01-10,1229.22,delivered,apple_pay,express
609,309,2023-08-11,300.8,delivered,google_pay,overnight
610,39,2024-10-23,762.55,delivered,debit_card,overnight
611,168,2023-08-31,1727.64,delivered,credit_card,express
612,49,2024-03-01,1514.62,processing,google_pay,standard
613,202,2024-04-10,914.59,delivered,apple_pay,standard
614,88,2025-01-11,424.45,delivered,credit_card,express
615,169,2025-03-21,1254.38,shipped,apple_pay,overnight
616,229,2024-06-18,1788.61,shipped,credit_card,express
617,286,2023-09-06,334.08,processing,debit_card,express
618,420,2024-05-14,62.92,delivered,google_pay,overnight
619,264,2025-02-17,363.44,cancelled,google_pay,overnight
620,104,2023-07-12,461.06,processing,paypal,overnight
621,332,2024-04-17,165.54,delivered,apple_pay,standard
622,137,2024-11-08,1107.3,delivered,credit_card,express
623,140,2023-02-20,1118.41,delivered,credit_card,overnight
624,26,2023-04-24,392.79,shipped,credit_card,overnight
625,52,2024-09-27,1227.41,delivered,google_pay,express
626,376,2023-07-09,2212.14,delivered,apple_pay,express
627,11,2023-09-28,560.88,delivered,credit_card,overnight
628,181,2024-08-20,146.94,returned,credit_card,standard
629,420,2024-11-27,363.83,delivered,paypal,overnight
630,172,2025-01-22,979.18,delivered,paypal,overnight
631,397,2024-09-02,843.69,shipped,debit_card,overnight
632,380,2024-03-17,591.84,shipped,google_pay,express
633,491,2023-06-29,724.0,cancelled,google_pay,overnight
634,360,2024-09-19,212.29,delivered,paypal,express
635,57,2024-05-25,843.31,returned,debit_card,express
636,250,2025-03-29,505.04,delivered,paypal,standard
637,221,2023-01-01,35.04,delivered,paypal,overnight
638,341,2024-07-28,410.61,returned,google_pay,standard
639,149,2024-04-29,1111.53,delivered,debit_card,overnight
640,224,2023-11-27,610.08,shipped,apple_pay,express
641,50,2024-03-28,474.05,delivered,credit_card,overnight
642,14,2024-03-07,77.85,returned,debit_card,overnight
643,263,2024-09-27,856.59,delivered,credit_card,express
644,305,2023-10-25,1273.11,delivered,apple_pay,standard
645,115,2024-10-17,646.07,cancelled,debit_card,standard
646,35,2024-09-10,274.67,delivered,debit_card,standard
647,243,2024-06-01,515.25,delivered,google_pay,overnight
648,225,2024-09-23,100.25,cancelled,credit_card,standard
649,73,2024-11-04,1306.18,processing,apple_pay,express
650,149,2023-04-13,1172.17,delivered,apple_pay,standard
651,289,2024-08-17,678.49,delivered,credit_card,standard
652,184,2024-05-30,486.22,delivered,debit_card,express
653,336,2023-12-14,889.19,shipped,debit_card,overnight
654,363,2025-03-05,1829.16,cancelled,credit_card,express
655,479,2023-11-28,197.44,shipped,apple_pay,standard
656,32,2023-04-28,369.89,shipped,paypal,overnight
657,324,2023-06-28,897.35,processing,paypal,express
658,225,2023-08-19,230.26,shipped,google_pay,standard
659,323,2023-04-09,116.28,returned,google_pay,standard
660,175,2025-01-17,1044.4,delivered,apple_pay,overnight
661,193,2024-08-05,242.67,cancelled,credit_card,standard
662,256,2024-09-07,654.99,delivered,google_pay,overnight
663,257,2024-09-25,899.64,delivered,google_pay,express
664,480,2023-09-27,132.18,cancelled,paypal,standard
665,172,2023-03-02,504.57,cancelled,debit_card,express
666,38,2024-07-31,1195.7,processing,debit_card,overnight
667,180,2023-11-07,306.43,delivered,google_pay,express
668,350,2023-01-19,1337.92,shipped,paypal,standard
669,176,2023-03-01,897.65,delivered,google_pay,overnight
670,24,2023-01-16,730.08,returned,paypal,standard
671,161,2024-11-01,951.98,delivered,credit_card,overnight
672,40,2024-07-10,209.96,delivered,paypal,overnight
673,150,2023-09-08,1860.77,cancelled,google_pay,standard
674,157,2023-08-04,396.98,shipped,debit_card,standard
675,121,2024-10-27,827.62,shipped,paypal,overnight
676,197,2024-01-27,1200.66,delivered,credit_card,overnight
677,391,2023-01-27,1353.2,delivered,paypal,overnight
678,238,2025-01-06,1532.52,delivered,google_pay,express
679,173,2023-02-09,1065.84,delivered,apple_pay,standard
680,226,2023-02-07,1567.23,delivered,google_pay,express
681,489,2023-07-04,1039.88,delivered,google_pay,overnight
682,26,2024-11-01,383.4,delivered,apple_pay,overnight
683,163,2025-01-04,1105.44,delivered,paypal,overnight
684,368,2023-08-29,956.7,delivered,paypal,overnight
685,191,2024-11-28,476.41,processing,paypal,express
686,483,2024-09-28,93.6,returned,paypal,standard
687,467,2023-04-19,2484.71,delivered,credit_card,standard
688,290,2024-08-11,766.88,delivered,google_pay,express
689,467,2023-09-06,1344.49,delivered,apple_pay,express
690,41,2024-06-01,156.92,delivered,google_pay,standard
691,230,2023-08-24,1589.22,processing,apple_pay,overnight
692,76,2024-10-09,185.24,delivered,paypal,overnight
693,365,2025-01-30,64.71,cancelled,apple_pay,standard
694,354,2023-03-16,654.74,delivered,apple_pay,overnight
695,286,2023-10-28,141.57,delivered,google_pay,overnight
696,56,2023-02-16,60.13,returned,apple_pay,overnight
697,428,2025-02-14,896.1,delivered,apple_pay,express
698,225,2025-01-09,2049.75,delivered,paypal,express
699,164,2023-05-27,145.64,processing,paypal,overnight
700,451,2023-04-12,699.09,shipped,paypal,express
701,311,2023-08-26,626.14,processing,google_pay,standard
702,492,2024-07-04,414.05,cancelled,google_pay,express
703,375,2023-05-10,1190.88,delivered,credit_card,express
704,412,2025-03-23,793.28,delivered,apple_pay,overnight
705,377,2025-03-06,256.69,delivered,credit_card,overnight
706,407,2023-07-14,884.07,delivered,apple_pay,express
707,68,2023-04-01,1580.59,delivered,apple_pay,overnight
708,299,2023-12-24,1306.97,delivered,google_pay,express
709,152,2023-04-26,853.24,delivered,paypal,overnight
710,59,2024-02-12,1222.62,delivered,credit_card,express
711,138,2025-03-12,2170.31,delivered,credit_card,express
712,249,2023-12-14,554.86,shipped,debit_card,overnight
713,449,2023-07-31,28.52,delivered,google_pay,standard
714,487,2024-01-24,50.7,shipped,google_pay,standard
715,336,2023-08-04,380.46,delivered,debit_card,express
716,170,2024-07-20,353.49,delivered,google_pay,express
717,406,2023-06-10,1003.26,delivered,credit_card,express
718,336,2025-01-28,816.5,delivered,google_pay,overnight
719,471,2025-01-23,1146.62,delivered,google_pay,express
720,193,2023-04-06,844.39,delivered,google_pay,overnight
721,126,2024-05-23,1035.95,delivered,google_pay,standard
722,330,2023-05-28,640.56,delivered,debit_card,express
723,304,2023-05-25,1468.13,delivered,debit_card,standard
724,165,2024-09-05,1629.46,shipped,apple_pay,overnight
725,285,2025-01-20,153.78,cancelled,credit_card,express
726,66,2023-06-15,1128.39,processing,google_pay,express
727,205,2023-05-01,2402.88,delivered,debit_card,overnight
728,488,2024-06-15,717.29,shipped,debit_card,standard
729,241,2023-01-06,677.0,delivered,apple_pay,overnight
730,81,2024-10-13,1717.81,delivered,google_pay,overnight
731,329,2023-03-21,1747.82,shipped,google_pay,overnight
732,310,2025-01-24,1201.07,delivered,credit_card,standard
733,71,2024-03-26,1098.07,delivered,apple_pay,express
734,160,2023-11-21,1550.36,processing,apple_pay,overnight
735,179,2024-01-10,1266.46,delivered,paypal,overnight
736,100,2023-11-14,1166.57,delivered,paypal,overnight
737,246,2024-12-13,1648.77,delivered,apple_pay,express
738,89,2024-10-25,964.01,delivered,apple_pay,overnight
739,364,2023-04-10,1676.62,delivered,credit_card,standard
740,99,2024-05-28,306.81,processing,google_pay,standard
741,353,2023-06-27,525.65,delivered,paypal,standard
742,175,2024-12-14,122.12,delivered,credit_card,standard
743,94,2023-07-10,667.42,shipped,debit_card,express
744,429,2023-07-15,740.25,shipped,paypal,standard
745,290,2023-08-20,421.42,delivered,apple_pay,express
746,48,2024-08-15,1592.7,delivered,debit_card,overnight
747,292,2024-12-20,1113.26,delivered,google_pay,standard
748,133,2023-09-25,422.13,delivered,debit_card,express
749,72,2023-11-27,288.92,delivered,credit_card,standard
750,216,2023-12-11,284.0,delivered,debit_card,express
751,280,2023-01-23,774.26,delivered,apple_pay,overnight
752,206,2023-08-28,1551.8,delivered,debit_card,overnight
753,385,2024-11-10,979.71,delivered,apple_pay,standard
754,338,2023-06-26,382.41,delivered,debit_card,standard
755,351,2025-03-05,1131.26,delivered,debit_card,express
756,343,2024-04-19,450.68,delivered,paypal,express
757,420,2024-03-10,749.38,shipped,paypal,express
758,257,2024-09-17,1195.72,processing,apple_pay,standard
759,146,2024-11-22,771.44,delivered,credit_card,overnight
760,442,2023-01-13,867.05,delivered,apple_pay,standard
761,249,2024-11-17,633.03,shipped,apple_pay,overnight
762,172,2024-01-09,51.32,processing,apple_pay,overnight
763,41,2023-12-12,889.85,delivered,google_pay,overnight
764,190,2023-12-12,1066.14,delivered,paypal,express
765,326,2023-04-25,146.85,delivered,debit_card,overnight
766,253,2023-10-09,598.97,delivered,credit_card,standard
767,312,2024-10-15,221.44,returned,credit_card,express
768,475,2023-11-06,622.77,shipped,paypal,express
769,316,2025-03-23,479.74,delivered,apple_pay,express
770,383,2023-07-10,487.64,shipped,debit_card,standard
771,401,2023-05-13,1238.04,delivered,debit_card,standard
772,314,2024-12-30,1161.87,delivered,apple_pay,overnight
773,256,2024-12-15,583.38,delivered,google_pay,standard
774,324,2023-12-20,218.46,delivered,paypal,express
775,150,2024-04-07,1582.58,processing,paypal,overnight
776,381,2023-08-29,384.56,delivered,debit_card,overnight
777,206,2023-12-27,451.84,delivered,credit_card,overnight
778,453,2024-10-10,223.05,shipped,apple_pay,standard
779,474,2024-02-14,493.99,cancelled,google_pay,overnight
780,215,2024-02-25,399.99,returned,credit_card,overnight
781,293,2023-01-24,1576.53,shipped,google_pay,overnight
782,200,2023-07-17,274.66,delivered,apple_pay,overnight
783,472,2023-05-16,1004.9,delivered,apple_pay,standard
784,408,2024-04-17,1703.14,delivered,apple_pay,standard
785,401,2023-09-24,1163.9,delivered,apple_pay,overnight
786,475,2024-10-27,375.0,delivered,apple_pay,overnight
787,174,2023-09-06,1065.82,delivered,paypal,express
788,152,2023-12-05,776.44,shipped,paypal,overnight
789,150,2025-01-03,600.25,delivered,paypal,standard
790,381,2023-05-12,735.47,processing,debit_card,overnight
791,156,2023-01-13,1281.8,delivered,debit_card,overnight
792,437,2024-06-19,861.83,delivered,credit_card,express
793,116,2023-08-18,881.48,delivered,apple_pay,overnight
794,468,2023-01-13,1194.01,shipped,credit_card,standard
795,229,2023-09-11,231.35,delivered,apple_pay,standard
796,21,2023-09-30,1488.87,returned,apple_pay,standard
797,275,2023-02-22,558.22,cancelled,google_pay,overnight
798,111,2023-11-04,1744.77,delivered,apple_pay,overnight
799,139,2023-06-30,1382.42,delivered,paypal,express
800,348,2023-11-13,929.94,delivered,apple_pay,overnight
801,156,2024-03-29,373.5,delivered,paypal,express
802,393,2023-04-16,640.51,delivered,debit_card,standard
803,313,2023-11-30,1267.11,shipped,paypal,express
804,158,2024-02-07,1857.67,delivered,debit_card,overnight
805,367,2024-01-18,468.18,delivered,apple_pay,express
806,286,2023-07-24,249.53,delivered,debit_card,express
807,371,2025-01-08,1580.46,delivered,google_pay,express
808,225,2023-04-24,1013.01,cancelled,credit_card,express
809,126,2024-07-13,841.41,delivered,paypal,express
810,464,2025-02-04,869.22,processing,paypal,standard
811,347,2023-09-23,442.47,returned,credit_card,overnight
812,31,2024-06-08,507.49,cancelled,paypal,overnight
813,171,2025-01-22,54.95,shipped,credit_card,overnight
814,82,2023-03-31,2041.43,processing,paypal,express
815,271,2025-01-27,940.06,processing,debit_card,express
816,439,2024-11-21,418.88,delivered,debit_card,standard
817,106,2023-04-14,64.75,delivered,credit_card,standard
818,277,2023-03-12,669.07,delivered,debit_card,express
819,14,2024-03-26,82.5,delivered,debit_card,express
820,26,2024-02-13,281.02,delivered,debit_card,overnight
821,468,2024-06-12,46.8,delivered,apple_pay,overnight
822,310,2023-11-21,598.52,delivered,apple_pay,express
823,205,2023-04-13,1068.03,returned,credit_card,overnight
824,330,2024-04-27,587.85,processing,paypal,standard
825,73,2023-07-01,1451.36,processing,paypal,express
826,317,2023-06-11,924.81,delivered,paypal,express
827,319,2025-03-13,30.11,delivered,credit_card,overnight
828,447,2024-02-22,479.81,delivered,google_pay,overnight
829,269,2023-04-13,213.2,delivered,apple_pay,standard
830,58,2024-04-20,947.64,returned,paypal,overnight
831,343,2024-05-04,1369.32,shipped,apple_pay,express
832,455,2023-09-13,373.35,shipped,apple_pay,overnight
833,303,2024-08-14,467.75,delivered,credit_card,overnight
834,464,2024-10-09,76.23,processing,debit_card,overnight
835,18,2023-09-01,603.66,processing,paypal,standard
836,322,2024-08-14,1802.28,cancelled,paypal,standard
837,131,2024-05-14,1739.57,delivered,apple_pay,standard
838,62,2023-10-30,1281.17,delivered,google_pay,standard
839,204,2024-06-07,205.16,processing,paypal,overnight
840,308,2024-07-30,808.45,processing,google_pay,standard
841,432,2025-01-03,326.36,cancelled,paypal,express
842,462,2024-03-07,779.5,delivered,google_pay,overnight
843,492,2025-02-12,682.4,delivered,debit_card,express
844,37,2023-10-10,316.53,delivered,debit_card,standard
845,228,2023-10-10,1147.31,delivered,apple_pay,standard
846,339,2023-05-08,1415.05,delivered,apple_pay,express
847,116,2023-04-01,665.77,delivered,google_pay,express
848,215,2023-09-15,1041.44,shipped,debit_card,overnight
849,223,2023-04-17,1461.4,shipped,google_pay,standard
850,61,2023-09-02,606.93,returned,apple_pay,express
851,294,2023-02-08,1153.06,cancelled,credit_card,overnight
852,234,2023-09-17,886.07,processing,paypal,standard
853,108,2024-07-14,303.22,delivered,google_pay,overnight
854,413,2023-08-22,1483.38,processing,debit_card,express
855,104,2024-12-25,620.73,delivered,google_pay,overnight
856,329,2025-02-13,946.06,delivered,google_pay,express
857,204,2024-01-30,771.61,delivered,credit_card,express
858,116,2023-02-11,415.42,delivered,debit_card,overnight
859,113,2023-08-20,1434.41,delivered,google_pay,standard
860,212,2024-06-15,1604.98,delivered,debit_card,express
861,441,2024-12-20,469.25,processing,apple_pay,overnight
862,161,2024-09-10,359.64,delivered,credit_card,express
863,317,2024-08-28,1607.34,delivered,credit_card,overnight
864,182,2025-01-06,757.35,delivered,debit_card,express
865,111,2023-11-14,1165.87,shipped,paypal,overnight
866,62,2023-03-14,961.26,processing,paypal,standard
867,49,2024-08-10,853.2,cancelled,paypal,express
868,47,2024-02-16,849.5,delivered,apple_pay,standard
869,269,2024-09-12,150.4,delivered,paypal,standard
870,87,2024-06-25,492.82,delivered,paypal,standard
871,410,2024-07-30,736.74,cancelled,paypal,standard
872,447,2023-06-08,1037.85,shipped,paypal,express
873,56,2023-07-04,2365.22,delivered,apple_pay,standard
874,343,2023-12-13,71.37,delivered,apple_pay,standard
875,184,2024-05-06,2613.92,delivered,paypal,standard
876,230,2023-10-27,493.8,processing,apple_pay,express
877,255,2025-02-28,985.08,returned,google_pay,standard
878,329,2023-02-19,1327.55,delivered,debit_card,overnight
879,190,2023-02-15,350.08,shipped,credit_card,overnight
880,105,2024-08-07,998.39,delivered,apple_pay,standard
881,80,2023-09-10,2104.67,delivered,paypal,standard
882,419,2023-09-17,1540.1,processing,debit_card,overnight
883,168,2025-01-27,360.26,delivered,credit_card,express
884,422,2023-07-26,353.88,cancelled,debit_card,overnight
885,19,2023-04-22,199.62,delivered,apple_pay,standard
886,43,2023-03-11,357.64,processing,google_pay,standard
887,340,2025-02-24,343.02,cancelled,paypal,express
888,472,2024-04-18,630.84,delivered,credit_card,standard
889,95,2023-12-10,1659.87,shipped,credit_card,standard
890,351,2024-06-14,1265.46,delivered,apple_pay,overnight
891,62,2025-02-19,183.18,cancelled,credit_card,overnight
892,422,2024-08-08,1549.68,cancelled,debit_card,express
893,275,2023-08-18,183.63,cancelled,credit_card,express
894,413,2023-02-13,1411.53,delivered,apple_pay,overnight
895,232,2024-02-02,647.93,delivered,google_pay,standard
896,486,2024-11-06,1105.84,cancelled,paypal,overnight
897,212,2023-08-11,505.4,delivered,debit_card,express
898,291,2023-10-07,1990.72,shipped,google_pay,overnight
899,377,2023-02-06,122.17,shipped,credit_card,standard
900,170,2023-11-17,1123.72,cancelled,google_pay,express
901,244,2023-06-29,402.23,delivered,google_pay,express
902,82,2024-10-05,1065.86,delivered,debit_card,standard
903,301,2024-01-07,1463.09,shipped,credit_card,standard
904,70,2024-11-24,1208.53,shipped,google_pay,overnight
905,214,2024-01-09,1053.89,returned,debit_card,overnight
906,157,2024-03-19,1162.95,delivered,google_pay,standard
907,377,2023-11-06,991.87,delivered,google_pay,express
908,209,2023-05-16,847.81,shipped,credit_card,overnight
909,468,2024-06-05,65.48,delivered,credit_card,standard
910,39,2023-03-08,282.03,delivered,credit_card,overnight
911,414,2024-09-24,412.23,delivered,apple_pay,overnight
912,448,2024-11-11,84.95,delivered,debit_card,standard
913,471,2023-03-25,1029.2,shipped,debit_card,standard
914,368,2023-11-25,812.25,delivered,credit_card,standard
915,91,2023-09-27,488.68,returned,credit_card,standard
916,96,2025-02-13,271.32,processing,google_pay,express
917,260,2023-08-12,871.04,shipped,credit_card,standard
918,253,2025-01-20,100.25,delivered,apple_pay,standard
919,382,2023-11-23,1540.85,shipped,google_pay,overnight
920,98,2023-06-24,60.13,delivered,apple_pay,express
921,473,2024-02-17,981.97,processing,paypal,express
922,446,2024-02-14,309.32,shipped,apple_pay,express
923,77,2023-07-22,242.12,delivered,paypal,overnight
924,143,2024-05-13,1225.17,delivered,google_pay,express
925,412,2024-05-17,876.09,delivered,paypal,overnight
926,160,2024-03-15,896.12,shipped,apple_pay,express
927,214,2023-12-01,594.54,delivered,paypal,overnight
928,100,2023-11-26,1123.08,cancelled,google_pay,express
929,237,2025-01-15,809.29,shipped,credit_card,express
930,127,2023-01-04,911.56,delivered,google_pay,overnight
931,103,2024-10-23,1157.16,processing,google_pay,overnight
932,145,2024-01-21,988.55,delivered,paypal,express
933,398,2023-06-01,833.1,cancelled,apple_pay,express
934,84,2023-11-27,79.95,delivered,paypal,overnight
935,245,2023-11-19,1254.46,delivered,google_pay,overnight
936,21,2023-02-27,243.23,cancelled,google_pay,standard
937,482,2023-04-05,191.25,shipped,credit_card,overnight
938,214,2024-02-10,239.83,shipped,paypal,standard
939,123,2024-11-30,1256.79,delivered,apple_pay,standard
940,262,2024-05-19,112.38,processing,credit_card,standard
941,302,2023-08-24,1269.0,delivered,google_pay,express
942,137,2024-06-07,281.63,delivered,credit_card,express
943,309,2024-11-18,1263.74,returned,debit_card,overnight
944,419,2024-04-19,598.87,delivered,paypal,standard
945,262,2023-01-13,225.22,delivered,paypal,express
946,201,2023-06-19,697.76,shipped,credit_card,express
947,477,2024-03-31,869.3,delivered,paypal,express
948,335,2025-02-27,199.88,delivered,paypal,express
949,477,2025-03-30,419.01,cancelled,credit_card,overnight
950,121,2024-08-16,1764.81,delivered,apple_pay,express
951,426,2023-06-29,233.78,delivered,credit_card,express
952,364,2024-05-05,1094.62,delivered,apple_pay,standard
953,333,2024-07-30,1186.61,delivered,debit_card,express
954,338,2025-01-13,1995.47,cancelled,apple_pay,overnight
955,278,2024-03-18,35.04,delivered,paypal,overnight
956,239,2024-07-06,709.66,delivered,google_pay,express
957,277,2025-02-01,293.99,shipped,credit_card,express
958,451,2024-05-28,2644.84,delivered,credit_card,express
959,375,2024-01-18,2013.11,processing,debit_card,overnight
960,1,2024-05-31,121.06,cancelled,paypal,standard
961,387,2023-08-03,1617.62,delivered,apple_pay,express
962,339,2024-12-15,1228.4,delivered,apple_pay,standard
963,256,2023-02-01,812.06,delivered,apple_pay,standard
964,195,2024-05-14,108.18,delivered,credit_card,standard
965,126,2025-01-02,77.38,shipped,paypal,standard
966,310,2023-02-05,668.34,returned,debit_card,overnight
967,442,2023-01-29,1372.58,shipped,credit_card,overnight
968,265,2024-04-07,1392.5,delivered,credit_card,standard
969,247,2023-01-06,780.66,delivered,apple_pay,overnight
970,486,2023-04-14,312.73,cancelled,apple_pay,express
971,188,2024-03-16,307.38,processing,google_pay,standard
972,215,2023-10-13,730.57,delivered,credit_card,standard
973,83,2023-07-11,1058.85,delivered,credit_card,overnight
974,95,2023-04-29,1007.59,delivered,google_pay,overnight
975,137,2023-01-10,1065.03,delivered,apple_pay,express
976,110,2024-02-02,944.41,delivered,apple_pay,overnight
977,186,2023-09-26,1783.79,cancelled,google_pay,standard
978,384,2024-05-05,1810.02,cancelled,debit_card,overnight
979,21,2024-02-07,595.7,delivered,apple_pay,express
980,388,2024-12-05,1002.44,cancelled,paypal,express
981,448,2024-06-09,535.79,delivered,paypal,standard
982,423,2024-11-23,926.01,delivered,paypal,overnight
983,278,2023-07-29,1177.58,delivered,paypal,standard
984,455,2024-05-23,1742.55,shipped,debit_card,express
985,311,2023-05-08,930.61,delivered,paypal,overnight
986,291,2023-09-30,79.43,delivered,google_pay,standard
987,244,2023-11-17,25.95,delivered,paypal,standard
988,22,2023-10-12,261.84,processing,debit_card,standard
989,474,2024-03-09,258.44,shipped,google_pay,overnight
990,142,2023-09-04,575.24,delivered,debit_card,standard
991,12,2023-11-21,959.25,delivered,debit_card,standard
992,293,2023-10-04,1034.7,shipped,credit_card,standard
993,123,2024-03-21,2795.2,shipped,apple_pay,standard
994,278,2023-07-30,1041.22,processing,debit_card,express
995,74,2024-09-07,1144.61,shipped,apple_pay,overnight
996,450,2023-01-25,1896.67,delivered,credit_card,express
997,131,2023-10-03,1042.62,delivered,google_pay,standard
998,434,2024-01-26,1013.94,delivered,credit_card,express
999,41,2023-09-19,677.91,delivered,credit_card,standard
1000,447,2023-02-23,371.71,delivered,credit_card,express
1001,419,2024-06-30,325.46,processing,paypal,overnight
1002,92,2023-07-11,671.48,delivered,credit_card,overnight
1003,259,2024-02-08,589.3,cancelled,google_pay,express
1004,294,2024-04-18,222.09,processing,debit_card,overnight
1005,311,2023-03-10,758.92,processing,apple_pay,overnight
1006,239,2024-06-16,875.71,returned,credit_card,standard
1007,38,2024-01-12,1068.28,delivered,debit_card,standard
1008,111,2024-10-15,701.4,delivered,debit_card,standard
1009,9,2024-03-25,760.41,cancelled,apple_pay,standard
1010,126,2024-10-17,571.56,cancelled,paypal,express
1011,466,2024-10-31,1424.28,delivered,debit_card,express
1012,473,2023-01-12,34.83,delivered,google_pay,express
1013,31,2023-08-12,1543.21,delivered,credit_card,express
1014,389,2025-02-20,837.26,delivered,paypal,standard
1015,73,2023-07-21,474.32,processing,debit_card,standard
1016,23,2023-05-17,93.6,delivered,google_pay,overnight
1017,131,2023-08-04,97.74,returned,credit_card,express
1018,373,2023-03-09,620.19,delivered,apple_pay,express
1019,316,2024-01-17,1806.53,shipped,google_pay,overnight
1020,350,2024-08-31,306.39,delivered,google_pay,express
1021,256,2024-02-19,80.28,returned,debit_card,overnight
1022,115,2023-08-13,551.75,processing,paypal,express
1023,381,2024-08-03,297.86,delivered,paypal,standard
1024,224,2024-03-18,157.66,delivered,paypal,standard
1025,250,2024-05-18,791.86,cancelled,paypal,overnight
1026,193,2023-04-14,88.71,cancelled,debit_card,overnight
1027,220,2023-04-05,503.18,delivered,paypal,express
1028,348,2024-12-17,766.5,shipped,credit_card,standard
1029,315,2023-07-16,517.01,delivered,google_pay,overnight
1030,37,2023-10-19,564.43,processing,google_pay,standard
1031,255,2024-12-06,517.06,shipped,google_pay,express
1032,151,2024-02-15,680.65,shipped,google_pay,standard
1033,76,2024-04-04,651.67,delivered,paypal,overnight
1034,123,2024-03-21,376.22,shipped,credit_card,standard
1035,17,2023-09-16,769.4,processing,apple_pay,overnight
1036,162,2025-02-08,1025.66,returned,paypal,standard
1037,370,2023-02-09,165.18,delivered,google_pay,express
1038,173,2024-05-09,904.79,delivered,credit_card,express
1039,494,2024-07-14,600.52,shipped,credit_card,express
1040,425,2024-04-19,2244.08,cancelled,apple_pay,express
1041,3,2023-02-11,667.42,delivered,credit_card,express
1042,275,2024-07-13,1204.87,processing,credit_card,standard
1043,474,2024-07-28,753.58,returned,debit_card,express
1044,11,2025-02-06,1144.08,delivered,paypal,standard
1045,392,2023-11-13,976.59,cancelled,credit_card,overnight
1046,393,2024-07-01,797.04,processing,paypal,overnight
1047,10,2024-09-27,122.17,cancelled,paypal,standard
1048,268,2024-07-01,607.3,processing,apple_pay,standard
1049,414,2024-02-17,782.52,delivered,google_pay,overnight
1050,358,2025-02-01,530.81,delivered,paypal,standard
1051,461,2024-04-08,1343.88,delivered,paypal,express
1052,384,2023-11-19,791.57,processing,google_pay,overnight
1053,390,2024-10-01,270.2,delivered,google_pay,express
1054,151,2023-04-20,120.42,delivered,paypal,express
1055,79,2024-02-26,204.92,delivered,apple_pay,express
1056,379,2023-01-24,155.12,delivered,credit_card,standard
1057,477,2024-09-05,55.06,delivered,paypal,express
1058,163,2023-07-07,1576.04,cancelled,google_pay,overnight
1059,280,2024-07-19,821.01,delivered,credit_card,standard
1060,36,2024-08-25,180.92,delivered,apple_pay,express
1061,208,2023-09-28,441.26,delivered,google_pay,overnight
1062,444,2023-01-18,1604.09,delivered,debit_card,express
1063,281,2024-03-16,982.16,delivered,apple_pay,overnight
1064,211,2023-10-22,771.63,cancelled,apple_pay,overnight
1065,98,2024-12-08,863.31,shipped,debit_card,standard
1066,365,2023-09-13,658.86,delivered,debit_card,standard
1067,142,2024-08-11,242.73,returned,credit_card,express
1068,55,2024-04-02,217.21,delivered,google_pay,overnight
1069,141,2023-07-26,760.96,delivered,debit_card,express
1070,251,2024-03-23,33.29,cancelled,apple_pay,standard
1071,32,2023-03-03,1007.82,processing,credit_card,express
1072,403,2023-03-08,1149.7,processing,apple_pay,standard
1073,9,2024-10-22,1796.11,processing,credit_card,express
1074,442,2025-03-29,349.89,shipped,debit_card,overnight
1075,477,2024-09-20,1720.0,delivered,debit_card,standard
1076,56,2025-01-08,1123.71,shipped,apple_pay,overnight
1077,101,2023-11-29,149.43,cancelled,debit_card,overnight
1078,171,2024-03-17,662.46,delivered,google_pay,express
1079,368,2025-01-25,610.85,delivered,google_pay,express
1080,62,2024-10-20,1501.38,returned,debit_card,standard
1081,244,2024-07-08,516.84,shipped,credit_card,standard
1082,258,2024-08-12,1104.78,delivered,credit_card,overnight
1083,50,2024-08-08,230.53,returned,debit_card,standard
1084,378,2023-07-03,233.37,delivered,apple_pay,standard
1085,317,2023-05-01,191.04,delivered,credit_card,standard
1086,243,2023-06-25,243.74,delivered,debit_card,standard
1087,38,2023-04-22,2614.53,delivered,debit_card,overnight
1088,273,2023-08-09,575.92,shipped,apple_pay,express
1089,193,2024-04-21,138.75,processing,debit_card,standard
1090,118,2024-06-30,336.19,shipped,google_pay,overnight
1091,378,2023-02-24,730.58,processing,google_pay,overnight
1092,48,2023-12-07,1166.74,delivered,credit_card,express
1093,370,2023-03-24,462.42,shipped,credit_card,overnight
1094,354,2025-01-10,59.14,delivered,google_pay,standard
1095,43,2024-05-07,216.88,shipped,paypal,standard
1096,404,2024-09-11,323.32,shipped,apple_pay,overnight
1097,59,2024-05-31,597.31,processing,google_pay,express
1098,148,2025-02-25,129.33,delivered,paypal,overnight
1099,319,2023-11-18,733.9,processing,debit_card,express
1100,177,2023-04-01,778.35,shipped,apple_pay,standard
1101,409,2023-08-22,519.1,delivered,credit_card,overnight
1102,366,2024-04-26,286.1,delivered,apple_pay,overnight
1103,439,2024-04-16,791.74,shipped,google_pay,overnight
1104,379,2024-10-02,421.03,delivered,debit_card,overnight
1105,332,2023-10-02,357.32,delivered,paypal,overnight
1106,88,2024-10-22,490.72,delivered,paypal,overnight
1107,372,2024-03-17,648.17,processing,credit_card,express
1108,150,2024-10-08,1095.38,cancelled,paypal,overnight
1109,350,2023-07-16,56.18,delivered,paypal,express
1110,406,2023-10-25,1520.82,delivered,paypal,express
1111,372,2024-04-21,1513.12,returned,credit_card,express
1112,373,2023-05-25,133.37,delivered,google_pay,express
1113,270,2025-03-17,269.89,delivered,debit_card,standard
1114,304,2024-11-26,955.1,delivered,debit_card,standard
1115,452,2023-02-05,70.97,delivered,google_pay,express
1116,389,2024-02-03,325.46,returned,apple_pay,overnight
1117,369,2023-01-09,113.6,cancelled,credit_card,standard
1118,301,2025-03-08,829.25,delivered,apple_pay,express
1119,374,2024-09-02,33.71,delivered,debit_card,express
1120,189,2023-12-21,666.84,shipped,credit_card,overnight
1121,328,2023-10-21,599.76,processing,debit_card,express
1122,272,2023-01-28,1228.05,delivered,paypal,express
1123,40,2023-02-07,403.12,delivered,credit_card,express
1124,122,2024-02-09,733.25,delivered,credit_card,overnight
1125,454,2024-02-04,1576.9,delivered,debit_card,express
1126,460,2023-02-23,1429.18,delivered,debit_card,overnight
1127,108,2023-09-28,664.41,returned,debit_card,express
1128,153,2024-11-14,2029.57,delivered,apple_pay,overnight
1129,356,2023-02-18,1344.5,delivered,google_pay,overnight
1130,294,2024-10-02,1902.26,shipped,apple_pay,standard
1131,456,2023-05-29,1971.5,delivered,debit_card,standard
1132,456,2023-07-09,579.86,delivered,credit_card,express
1133,319,2024-07-25,604.84,shipped,google_pay,overnight
1134,117,2023-08-14,900.91,delivered,paypal,standard
1135,460,2024-02-22,36.88,delivered,google_pay,express
1136,175,2025-03-13,91.75,delivered,paypal,standard
1137,402,2024-08-09,1784.07,delivered,debit_card,standard
1138,414,2024-08-08,399.97,delivered,paypal,overnight
1139,140,2023-02-11,373.92,shipped,debit_card,standard
1140,4,2024-06-10,841.48,shipped,debit_card,overnight
1141,172,2023-01-27,219.91,processing,credit_card,overnight
1142,332,2023-10-28,2017.63,delivered,debit_card,standard
1143,374,2024-10-14,1042.15,delivered,credit_card,overnight
1144,483,2023-05-24,882.05,delivered,apple_pay,express
1145,473,2023-06-14,1039.52,delivered,debit_card,express
1146,184,2023-06-25,275.11,shipped,apple_pay,standard
1147,105,2023-06-18,88.71,processing,credit_card,express
1148,58,2024-03-08,711.27,delivered,google_pay,express
1149,193,2023-08-12,1775.73,delivered,credit_card,standard
1150,443,2024-06-06,427.04,delivered,paypal,standard
1151,122,2024-11-29,465.97,delivered,apple_pay,overnight
1152,263,2023-07-11,153.82,delivered,credit_card,express
1153,458,2024-07-03,396.07,processing,google_pay,overnight
1154,175,2024-05-18,1721.79,shipped,debit_card,overnight
1155,385,2025-01-26,326.86,delivered,google_pay,overnight
1156,326,2024-11-28,77.38,delivered,credit_card,express
1157,441,2023-08-30,510.8,cancelled,debit_card,overnight
1158,179,2023-06-13,127.2,delivered,paypal,standard
1159,398,2024-04-03,427.5,delivered,debit_card,overnight
1160,38,2025-02-27,1015.04,delivered,apple_pay,overnight
1161,489,2024-08-27,1429.94,delivered,debit_card,overnight
1162,431,2025-01-06,1461.87,delivered,paypal,express
1163,232,2024-06-03,673.39,shipped,google_pay,overnight
1164,96,2024-09-22,1599.64,delivered,apple_pay,overnight
1165,77,2024-08-11,850.74,cancelled,google_pay,express
1166,349,2024-02-13,383.52,delivered,paypal,express
1167,196,2023-12-06,1127.04,shipped,paypal,standard
1168,479,2024-04-16,898.49,delivered,paypal,express
1169,426,2023-07-19,1393.4,cancelled,apple_pay,standard
1170,468,2024-02-03,682.03,cancelled,debit_card,express
1171,272,2024-12-03,459.92,shipped,credit_card,overnight
1172,251,2024-01-31,1428.0,delivered,google_pay,standard
1173,475,2024-05-07,2320.25,processing,apple_pay,express
1174,46,2024-04-09,585.22,delivered,credit_card,standard
1175,374,2024-09-26,270.2,delivered,debit_card,express
1176,230,2023-02-16,248.06,cancelled,credit_card,express
1177,487,2023-03-31,30.07,processing,apple_pay,overnight
1178,271,2023-05-05,1419.04,cancelled,paypal,express
1179,84,2023-12-05,1323.92,cancelled,apple_pay,overnight
1180,173,2025-01-28,672.54,delivered,google_pay,express
1181,92,2023-11-08,858.16,delivered,google_pay,overnight
1182,450,2023-08-31,623.69,delivered,paypal,express
1183,247,2023-07-28,1485.42,delivered,google_pay,overnight
1184,252,2024-12-07,528.8,delivered,paypal,overnight
1185,212,2023-01-07,377.15,delivered,paypal,standard
1186,487,2024-06-22,324.11,returned,credit_card,standard
1187,103,2024-10-22,876.09,shipped,credit_card,express
1188,379,2023-04-03,1359.36,delivered,google_pay,overnight
1189,45,2023-07-01,878.91,shipped,paypal,overnight
1190,322,2023-05-19,1126.39,delivered,google_pay,standard
1191,374,2023-02-24,663.9,delivered,google_pay,standard
1192,490,2023-01-30,929.66,processing,debit_card,standard
1193,376,2023-12-01,507.42,delivered,google_pay,standard
1194,164,2023-11-12,706.23,delivered,debit_card,standard
1195,414,2023-09-11,550.08,delivered,paypal,overnight
1196,416,2024-05-25,1478.5,returned,google_pay,express
1197,389,2024-05-24,476.05,delivered,paypal,standard
1198,297,2024-06-15,452.69,returned,credit_card,standard
1199,407,2025-01-16,87.28,delivered,credit_card,standard
1200,136,2024-05-15,1086.53,processing,paypal,standard
1201,122,2024-02-08,197.38,shipped,paypal,express
1202,121,2024-10-22,825.12,cancelled,credit_card,express
1203,35,2023-06-16,353.4,delivered,google_pay,standard
1204,399,2024-08-23,583.3,cancelled,debit_card,standard
1205,314,2023-01-06,758.86,processing,credit_card,standard
1206,81,2024-12-04,745.05,delivered,apple_pay,standard
1207,67,2023-02-12,139.14,cancelled,paypal,overnight
1208,381,2025-02-17,1170.87,cancelled,credit_card,overnight
1209,92,2024-11-12,963.12,delivered,google_pay,overnight
1210,203,2023-05-24,1591.31,shipped,credit_card,overnight
1211,100,2024-01-11,1181.81,shipped,debit_card,overnight
1212,299,2023-01-18,499.06,delivered,debit_card,express
1213,98,2024-01-03,1166.36,delivered,credit_card,express
1214,64,2023-06-15,1430.13,delivered,credit_card,express
1215,219,2023-01-23,1116.44,cancelled,credit_card,standard
1216,360,2023-10-20,264.32,shipped,credit_card,overnight
1217,186,2024-02-20,746.25,cancelled,paypal,express
1218,146,2023-06-26,540.78,delivered,apple_pay,standard
1219,57,2023-03-02,236.75,delivered,debit_card,standard
1220,413,2025-03-22,1429.58,cancelled,google_pay,standard
1221,265,2025-01-14,1109.73,delivered,credit_card,express
1222,44,2023-02-13,1060.49,delivered,google_pay,express
1223,252,2025-03-31,1052.73,delivered,paypal,express
1224,219,2024-09-02,396.85,shipped,debit_card,overnight
1225,207,2024-03-26,761.92,delivered,debit_card,overnight
1226,438,2023-02-02,554.48,delivered,apple_pay,standard
1227,160,2024-10-03,1953.0,returned,paypal,overnight
1228,121,2024-07-19,146.54,delivered,paypal,overnight
1229,2,2024-11-14,270.2,delivered,paypal,overnight
1230,312,2024-08-26,353.31,delivered,apple_pay,overnight
1231,225,2024-02-29,1092.37,shipped,apple_pay,overnight
1232,137,2023-06-28,881.31,delivered,paypal,overnight
1233,292,2024-09-17,1360.96,cancelled,google_pay,express
1234,420,2023-06-25,313.82,cancelled,debit_card,overnight
1235,341,2024-10-07,1058.05,shipped,google_pay,overnight
1236,259,2025-03-09,1020.21,cancelled,credit_card,overnight
1237,476,2023-09-24,191.68,delivered,debit_card,overnight
1238,226,2024-01-18,1643.45,returned,credit_card,standard
1239,432,2024-07-30,114.4,delivered,credit_card,overnight
1240,343,2023-06-11,1647.64,delivered,credit_card,express
1241,23,2023-08-23,190.0,delivered,google_pay,express
1242,58,2023-02-15,1210.51,delivered,apple_pay,express
1243,55,2024-04-16,1563.94,processing,paypal,overnight
1244,220,2024-04-08,1349.87,delivered,debit_card,overnight
1245,209,2024-07-13,704.75,delivered,google_pay,express
1246,273,2023-08-22,1074.27,shipped,credit_card,standard
1247,154,2023-04-26,794.78,delivered,credit_card,express
1248,165,2023-04-07,489.46,delivered,credit_card,express
1249,163,2023-07-17,820.2,shipped,credit_card,overnight
1250,65,2024-08-31,1829.45,shipped,google_pay,standard
1251,404,2023-12-01,1663.66,delivered,google_pay,overnight
1252,226,2024-06-02,1457.31,delivered,google_pay,standard
1253,370,2023-07-04,532.36,delivered,apple_pay,overnight
1254,23,2023-03-14,1181.23,delivered,debit_card,express
1255,500,2023-05-09,710.25,shipped,paypal,express
1256,307,2024-05-12,109.71,delivered,google_pay,express
1257,414,2024-06-27,1334.36,delivered,apple_pay,express
1258,26,2024-03-22,1016.82,delivered,google_pay,standard
1259,293,2023-11-12,524.33,delivered,paypal,express
1260,410,2024-01-26,316.32,delivered,credit_card,express
1261,324,2024-09-14,1061.07,delivered,debit_card,standard
1262,151,2025-02-19,883.98,delivered,credit_card,standard
1263,144,2023-04-13,396.98,shipped,paypal,overnight
1264,409,2024-02-02,778.14,delivered,credit_card,express
1265,302,2024-02-10,813.47,delivered,paypal,express
1266,70,2024-02-23,457.7,returned,google_pay,express
1267,118,2024-05-05,1649.46,shipped,apple_pay,overnight
1268,180,2024-10-12,971.23,returned,credit_card,overnight
1269,286,2023-08-27,1343.47,shipped,paypal,overnight
1270,75,2023-03-20,25.95,cancelled,apple_pay,express
1271,395,2025-02-22,1196.73,delivered,debit_card,express
1272,87,2024-07-22,1193.84,delivered,credit_card,express
1273,169,2023-07-19,599.14,shipped,debit_card,express
1274,369,2023-05-29,1070.27,delivered,credit_card,overnight
1275,36,2024-02-10,763.62,shipped,paypal,express
1276,135,2024-06-28,180.05,delivered,google_pay,standard
1277,231,2024-07-19,461.47,shipped,paypal,standard
1278,330,2023-05-31,1185.88,delivered,debit_card,overnight
1279,307,2023-11-19,768.72,delivered,credit_card,standard
1280,442,2024-09-04,1010.81,shipped,debit_card,overnight
1281,406,2023-04-26,1115.51,delivered,debit_card,standard
1282,63,2023-04-30,142.0,delivered,credit_card,standard
1283,33,2024-01-31,1211.63,shipped,apple_pay,overnight
1284,198,2024-07-14,285.78,delivered,apple_pay,standard
1285,148,2025-01-11,391.29,delivered,credit_card,overnight
1286,262,2025-03-16,625.82,processing,credit_card,standard
1287,2,2025-03-02,91.04,delivered,credit_card,express
1288,419,2023-12-04,1226.2,processing,credit_card,overnight
1289,202,2023-11-03,376.58,cancelled,debit_card,express
1290,1,2024-07-08,1505.79,processing,paypal,overnight
1291,390,2024-03-05,1475.22,delivered,credit_card,overnight
1292,120,2024-07-25,1458.39,delivered,google_pay,express
1293,93,2023-03-21,660.66,delivered,google_pay,overnight
1294,426,2024-01-25,36.13,cancelled,credit_card,overnight
1295,189,2023-03-16,744.67,cancelled,debit_card,express
1296,152,2023-07-09,544.48,delivered,google_pay,standard
1297,144,2024-12-30,1242.95,delivered,paypal,overnight
1298,375,2023-05-16,148.38,delivered,paypal,express
1299,249,2023-02-16,405.78,processing,paypal,express
1300,426,2024-08-11,103.61,delivered,apple_pay,standard
1301,474,2023-12-17,1098.46,shipped,google_pay,overnight
1302,168,2025-03-17,1580.14,cancelled,debit_card,overnight
1303,135,2023-09-04,51.9,shipped,apple_pay,overnight
1304,474,2025-03-01,998.15,cancelled,credit_card,standard
1305,60,2023-01-02,1073.46,delivered,google_pay,standard
1306,103,2024-04-18,353.82,delivered,credit_card,standard
1307,490,2024-12-18,197.38,delivered,paypal,overnight
1308,365,2023-10-28,148.84,delivered,google_pay,overnight
1309,110,2024-02-27,854.3,cancelled,google_pay,overnight
1310,264,2024-04-30,356.78,cancelled,credit_card,standard
1311,133,2023-06-07,704.0,delivered,paypal,express
1312,132,2023-09-05,425.93,delivered,apple_pay,express
1313,100,2023-08-13,767.47,delivered,debit_card,express
1314,472,2024-10-07,555.9,returned,apple_pay,express
1315,361,2024-01-04,166.54,delivered,credit_card,overnight
1316,480,2025-02-23,669.12,delivered,google_pay,standard
1317,456,2023-03-27,386.49,delivered,credit_card,overnight
1318,352,2023-12-03,832.22,delivered,apple_pay,overnight
1319,318,2023-08-28,407.62,delivered,paypal,overnight
1320,183,2023-03-02,74.88,cancelled,credit_card,standard
1321,164,2023-08-08,1074.94,delivered,credit_card,express
1322,145,2024-05-19,255.15,delivered,debit_card,express
1323,305,2023-12-29,1734.59,delivered,debit_card,overnight
1324,460,2023-01-04,452.74,delivered,paypal,standard
1325,37,2024-10-03,1071.4,delivered,apple_pay,standard
1326,18,2024-05-13,1283.58,delivered,debit_card,express
1327,257,2024-11-27,905.31,delivered,google_pay,overnight
1328,494,2023-08-19,492.82,returned,apple_pay,express
1329,389,2023-06-10,818.3,processing,apple_pay,standard
1330,195,2023-05-14,611.38,delivered,google_pay,overnight
1331,399,2025-03-19,318.97,delivered,credit_card,overnight
1332,21,2024-03-07,31.65,shipped,google_pay,overnight
1333,468,2023-09-17,488.12,delivered,apple_pay,standard
1334,407,2023-01-07,303.49,delivered,google_pay,standard
1335,45,2025-01-24,1070.78,delivered,debit_card,express
1336,190,2023-07-11,66.58,delivered,credit_card,overnight
1337,306,2024-03-31,251.06,delivered,debit_card,standard
1338,366,2023-01-07,450.11,processing,google_pay,overnight
1339,339,2023-12-28,2331.87,delivered,google_pay,express
1340,171,2023-03-25,1351.21,delivered,paypal,standard
1341,246,2024-12-17,1573.35,delivered,credit_card,overnight
1342,71,2025-02-11,1352.66,delivered,debit_card,standard
1343,340,2023-03-02,594.17,cancelled,google_pay,overnight
1344,57,2024-01-04,918.75,delivered,apple_pay,express
1345,436,2024-12-13,449.34,cancelled,debit_card,standard
1346,461,2023-05-14,1220.19,processing,google_pay,standard
1347,479,2024-04-12,467.36,processing,debit_card,overnight
1348,46,2024-12-03,114.19,delivered,google_pay,standard
1349,441,2024-08-19,2293.37,cancelled,credit_card,standard
1350,481,2024-05-13,82.24,delivered,apple_pay,overnight
1351,454,2024-03-03,1500.2,delivered,paypal,standard
1352,156,2025-03-08,288.49,delivered,debit_card,overnight
1353,116,2023-12-19,108.38,delivered,apple_pay,standard
1354,233,2023-06-22,583.21,delivered,paypal,overnight
1355,285,2023-09-30,757.55,shipped,apple_pay,overnight
1356,487,2023-04-11,1312.04,shipped,debit_card,standard
1357,369,2023-10-16,432.82,returned,debit_card,standard
1358,41,2024-01-10,2179.02,shipped,apple_pay,express
1359,408,2024-08-23,255.42,delivered,paypal,express
1360,198,2024-08-31,1209.3,cancelled,google_pay,express
1361,474,2024-09-25,550.49,processing,paypal,overnight
1362,196,2024-04-02,281.26,delivered,debit_card,express
1363,398,2023-05-02,1302.76,shipped,google_pay,standard
1364,127,2023-06-11,1197.14,processing,apple_pay,standard
1365,54,2024-11-28,558.78,returned,credit_card,express
1366,482,2023-12-31,283.5,delivered,apple_pay,standard
1367,470,2023-10-15,482.24,cancelled,apple_pay,express
1368,137,2024-10-28,1441.05,processing,apple_pay,express
1369,449,2023-06-01,556.59,shipped,apple_pay,overnight
1370,166,2023-07-19,1771.14,delivered,debit_card,express
1371,478,2023-01-26,1145.69,delivered,debit_card,standard
1372,159,2024-04-19,145.69,delivered,google_pay,overnight
1373,406,2023-08-11,944.68,delivered,debit_card,overnight
1374,398,2025-01-08,362.1,delivered,apple_pay,standard
1375,177,2024-01-18,1070.18,delivered,google_pay,overnight
1376,90,2024-01-08,807.06,delivered,credit_card,standard
1377,283,2023-02-16,649.0,returned,apple_pay,standard
1378,182,2024-07-20,772.22,shipped,apple_pay,overnight
1379,391,2023-09-22,942.36,delivered,debit_card,overnight
1380,261,2023-04-19,1886.21,delivered,debit_card,standard
1381,376,2024-02-19,69.47,returned,google_pay,express
1382,109,2023-02-20,1922.99,delivered,credit_card,standard
1383,4,2023-11-19,1026.49,delivered,debit_card,standard
1384,455,2023-08-14,1414.12,shipped,paypal,express
1385,33,2023-10-11,1519.62,delivered,apple_pay,overnight
1386,138,2024-08-02,856.3,delivered,apple_pay,overnight
1387,109,2024-04-06,1746.48,delivered,credit_card,overnight
1388,444,2023-04-09,459.31,shipped,debit_card,overnight
1389,221,2024-09-27,511.71,cancelled,apple_pay,express
1390,458,2023-03-23,2035.15,delivered,apple_pay,express
1391,122,2023-08-01,1680.44,processing,paypal,standard
1392,120,2023-02-16,257.64,delivered,paypal,express
1393,414,2023-10-17,1520.48,delivered,apple_pay,express
1394,206,2024-04-03,1344.12,delivered,debit_card,express
1395,162,2024-04-26,574.58,shipped,debit_card,express
1396,226,2024-10-12,418.0,delivered,paypal,express
1397,57,2023-06-14,578.25,delivered,google_pay,overnight
1398,391,2024-02-07,724.02,delivered,paypal,overnight
1399,114,2023-09-21,876.09,delivered,apple_pay,overnight
1400,476,2023-09-08,2510.4,shipped,google_pay,standard
1401,75,2024-08-30,346.19,delivered,google_pay,overnight
1402,395,2024-08-19,1013.63,cancelled,debit_card,standard
1403,441,2023-02-14,1349.39,delivered,google_pay,standard
1404,440,2023-02-08,924.47,processing,paypal,express
1405,476,2025-01-10,651.79,delivered,apple_pay,express
1406,440,2023-12-31,850.76,delivered,credit_card,express
1407,362,2023-11-02,743.86,delivered,credit_card,standard
1408,479,2024-01-15,161.82,delivered,debit_card,express
1409,81,2025-01-28,598.21,cancelled,debit_card,express
1410,209,2023-04-21,34.12,delivered,apple_pay,overnight
1411,297,2025-01-29,1686.86,delivered,google_pay,standard
1412,79,2024-10-31,309.34,cancelled,credit_card,express
1413,135,2023-02-08,1264.83,delivered,debit_card,standard
1414,418,2023-10-15,1125.88,delivered,google_pay,standard
1415,5,2023-05-18,389.69,delivered,debit_card,express
1416,210,2023-03-11,55.74,delivered,credit_card,express
1417,439,2025-03-05,1555.84,delivered,debit_card,overnight
1418,298,2023-09-22,1188.57,delivered,credit_card,overnight
1419,415,2025-02-28,266.75,shipped,debit_card,standard
1420,339,2023-10-27,157.14,processing,apple_pay,express
1421,339,2024-04-18,153.25,cancelled,apple_pay,express
1422,423,2023-04-19,1717.6,delivered,paypal,overnight
1423,447,2023-07-04,1240.62,cancelled,apple_pay,express
1424,389,2024-12-30,681.24,delivered,credit_card,standard
1425,52,2023-03-30,284.83,delivered,google_pay,standard
1426,121,2024-12-05,1300.64,shipped,google_pay,overnight
1427,317,2023-12-30,705.94,delivered,debit_card,express
1428,485,2023-09-18,327.14,delivered,paypal,express
1429,77,2024-01-20,735.12,delivered,apple_pay,standard
1430,466,2025-01-23,299.88,delivered,paypal,express
1431,155,2023-01-19,1167.12,delivered,apple_pay,standard
1432,412,2024-01-19,1576.45,delivered,apple_pay,overnight
1433,337,2024-09-04,976.63,delivered,debit_card,standard
1434,467,2023-06-07,35.59,delivered,paypal,overnight
1435,43,2024-09-11,724.19,delivered,google_pay,express
1436,60,2025-02-26,1668.79,delivered,debit_card,express
1437,343,2023-06-07,1298.88,shipped,credit_card,overnight
1438,343,2023-04-10,285.87,delivered,credit_card,standard
1439,140,2023-08-18,127.31,delivered,debit_card,standard
1440,191,2024-06-07,496.23,shipped,apple_pay,overnight
1441,214,2024-02-16,812.08,delivered,credit_card,express
1442,159,2025-02-07,1051.69,returned,apple_pay,express
1443,327,2023-09-08,1675.38,delivered,paypal,overnight
1444,61,2025-01-11,1097.29,delivered,debit_card,overnight
1445,477,2023-05-29,429.43,delivered,credit_card,standard
1446,146,2023-09-17,2069.14,delivered,debit_card,express
1447,302,2024-09-19,1299.91,shipped,google_pay,standard
1448,30,2024-03-18,1929.04,delivered,debit_card,overnight
1449,203,2023-04-09,877.83,delivered,paypal,standard
1450,139,2024-06-26,935.24,delivered,apple_pay,overnight
1451,88,2024-08-01,1135.72,shipped,google_pay,overnight
1452,458,2025-03-19,715.61,delivered,paypal,overnight
1453,59,2024-07-09,322.06,cancelled,debit_card,overnight
1454,259,2023-07-25,980.96,processing,debit_card,express
1455,460,2025-01-24,1139.74,delivered,paypal,overnight
1456,86,2024-07-05,1860.32,delivered,google_pay,express
1457,297,2024-10-20,590.08,cancelled,credit_card,overnight
1458,421,2024-12-19,358.33,shipped,paypal,express
1459,105,2024-06-03,878.88,delivered,paypal,standard
1460,297,2023-01-24,1485.47,cancelled,apple_pay,standard
1461,288,2025-03-11,1370.76,delivered,debit_card,overnight
1462,411,2023-11-06,572.2,delivered,paypal,express
1463,266,2023-12-18,578.38,cancelled,apple_pay,express
1464,398,2023-01-29,1980.68,delivered,apple_pay,standard
1465,168,2023-05-02,93.6,returned,apple_pay,standard
1466,204,2024-07-20,2522.32,delivered,google_pay,overnight
1467,98,2023-02-12,2441.68,cancelled,paypal,overnight
1468,55,2024-03-01,612.87,delivered,credit_card,standard
1469,109,2023-12-20,363.05,delivered,google_pay,standard
1470,423,2024-07-08,619.96,delivered,credit_card,overnight
1471,242,2024-10-20,186.26,delivered,debit_card,express
1472,191,2023-05-06,499.06,cancelled,paypal,express
1473,68,2023-02-14,1432.71,shipped,debit_card,standard
1474,166,2024-09-17,1026.06,cancelled,paypal,express
1475,407,2024-05-25,1477.96,delivered,google_pay,standard
1476,308,2023-06-24,748.59,delivered,paypal,standard
1477,251,2023-05-21,1383.46,processing,credit_card,overnight
1478,128,2024-11-05,620.92,delivered,debit_card,overnight
1479,497,2023-06-10,2196.9,delivered,paypal,standard
1480,93,2023-11-09,563.58,delivered,apple_pay,standard
1481,258,2024-01-13,2038.67,delivered,apple_pay,express
1482,138,2025-02-22,645.55,delivered,paypal,standard
1483,427,2024-04-17,94.95,processing,google_pay,express
1484,103,2024-09-09,151.65,delivered,credit_card,standard
1485,100,2023-08-11,775.51,delivered,google_pay,overnight
1486,456,2024-07-24,30.07,delivered,google_pay,express
1487,101,2024-07-22,1250.07,delivered,paypal,overnight
1488,116,2025-03-14,1346.46,delivered,credit_card,overnight
1489,246,2024-01-23,203.74,delivered,apple_pay,standard
1490,301,2023-09-21,1148.44,shipped,credit_card,overnight
1491,305,2024-05-06,1033.84,delivered,paypal,standard
1492,49,2024-07-07,2972.81,shipped,google_pay,overnight
1493,235,2024-03-24,775.68,delivered,google_pay,express
1494,387,2024-06-14,121.9,delivered,credit_card,express
1495,382,2025-01-18,1023.79,delivered,google_pay,overnight
1496,154,2023-09-26,813.98,cancelled,credit_card,standard
1497,94,2024-10-15,218.46,shipped,paypal,express
1498,435,2025-03-04,247.54,delivered,apple_pay,overnight
1499,41,2023-12-11,1521.67,delivered,google_pay,standard
1500,114,2024-01-18,729.54,processing,google_pay,standard
