rep_id,rep_name,region,country,level,hire_date,base_salary
1,Cameron Brooks,Middle East,Qatar,Junior,2021-04-21,119465.12
2,Morgan Grant,Middle East,Saudi Arabia,Junior,2023-02-12,90466.19
3,Riley Brooks,Latin America,Brazil,Senior,2020-04-16,54265.98
4,Quinn Stone,North America,Canada,Director,2020-08-22,99335.42
5,Quinn Owens,Middle East,Qatar,Director,2019-07-24,93753.22
6,Alex Carter,Latin America,Chile,Mid,2018-09-22,133551.14
7,Jamie Knight,Europe,France,Senior,2020-04-07,85755.56
8,Emerson Anderson,Middle East,Qatar,Mid,2023-07-28,46843.84
9,Cameron Monroe,Latin America,Brazil,Mid,2022-02-08,112524.7
10,Drew Lambert,North America,Mexico,Senior,2017-08-04,45990.69
11,Lennon Knight,Latin America,Argentina,Senior,2016-09-24,81648.69
12,Emerson Parker,North America,Mexico,Mid,2019-02-19,46102.51
13,Lennon Hayes,Middle East,UAE,Mid,2016-12-29,54591.58
14,Drew Irving,Europe,France,Junior,2023-01-22,107010.0
15,Cameron Hayes,North America,Mexico,Director,2016-06-22,119571.56
16,Taylor Davis,Latin America,Argentina,Senior,2021-02-08,79980.32
17,Casey Grant,Middle East,Israel,Junior,2016-12-24,98008.52
18,Skyler Tucker,Europe,Italy,Senior,2020-05-29,58901.83
19,Morgan Davis,Middle East,Qatar,Director,2016-02-24,89703.83
20,Reese Quinn,Latin America,Colombia,Mid,2022-12-14,90782.61
21,Dakota Quinn,North America,USA,Mid,2018-10-28,116884.25
22,Peyton Stone,Asia Pacific,South Korea,Mid,2020-08-18,69663.67
23,Cameron Monroe,Asia Pacific,India,Director,2019-02-04,71422.48
24,Charlie Lambert,Latin America,Chile,Junior,2020-11-29,83306.76
25,Taylor Jensen,Latin America,Brazil,Senior,2018-06-01,99518.43
26,Alex Foster,Asia Pacific,Japan,Senior,2017-11-12,77005.92
27,Jordan Reed,Europe,Italy,Mid,2023-12-01,120180.87
28,Avery Davis,Europe,Italy,Lead,2016-02-18,41710.28
29,Morgan Anderson,Asia Pacific,Singapore,Lead,2022-01-06,114875.69
30,Avery Davis,Europe,France,Lead,2017-12-22,95387.77
31,Blair Anderson,Europe,UK,Junior,2022-09-02,75381.45
32,Cameron Irving,Asia Pacific,South Korea,Junior,2020-02-12,143275.5
33,Peyton Irving,Asia Pacific,Australia,Lead,2023-01-28,80077.12
34,Jordan Reed,Latin America,Brazil,Junior,2021-05-07,49832.22
35,Avery Parker,Middle East,Saudi Arabia,Senior,2019-08-14,110345.46
36,Morgan Hayes,Middle East,Qatar,Director,2023-02-12,144252.74
37,Jordan Foster,Latin America,Chile,Senior,2022-09-12,121904.73
38,Alex Irving,Latin America,Brazil,Junior,2022-05-31,51967.5
39,Charlie Owens,Latin America,Colombia,Mid,2023-03-29,134566.32
40,Avery Owens,Latin America,Brazil,Lead,2016-05-31,102967.09
41,Skyler Tucker,Middle East,Qatar,Mid,2018-03-31,133867.21
42,Reese Davis,Europe,Italy,Senior,2023-09-24,41554.48
43,Charlie Evans,Latin America,Colombia,Lead,2023-09-12,123439.77
44,Frankie Irving,North America,Canada,Junior,2019-03-05,94609.59
45,Reese Parker,Europe,France,Director,2015-01-29,49300.25
46,Riley Nelson,Latin America,Colombia,Senior,2023-09-30,104507.33
47,Taylor Foster,Middle East,Saudi Arabia,Director,2018-02-02,66902.86
48,Charlie Evans,North America,USA,Senior,2018-05-12,100312.31
49,Jordan Quinn,Latin America,Argentina,Lead,2015-06-12,69555.6
50,Jordan Jensen,Europe,UK,Senior,2016-03-13,82192.13
51,Alex Jensen,Middle East,Qatar,Mid,2021-05-28,95074.97
52,Blair Nelson,Middle East,UAE,Junior,2015-06-24,88701.43
53,Avery Grant,Latin America,Brazil,Junior,2019-04-23,49695.65
54,Lennon Tucker,North America,Mexico,Senior,2018-06-13,87771.39
55,Dakota Lambert,North America,Canada,Junior,2020-07-25,56313.57
56,Taylor Tucker,Europe,Spain,Director,2015-10-14,111199.06
57,Blair Quinn,North America,Mexico,Director,2017-10-18,112931.59
58,Drew Quinn,Latin America,Chile,Lead,2020-02-09,64313.55
59,Drew Anderson,Middle East,UAE,Junior,2016-12-06,58874.89
60,Morgan Foster,Middle East,UAE,Mid,2020-04-12,78385.71
61,Skyler Anderson,North America,USA,Junior,2022-02-13,59640.22
62,Drew Hayes,Europe,Italy,Junior,2017-05-17,101920.53
63,Cameron Stone,Middle East,Israel,Director,2021-07-22,68555.4
64,Avery Quinn,North America,USA,Senior,2020-12-13,98733.49
65,Peyton Carter,Europe,Germany,Director,2023-08-06,77529.41
66,Drew Davis,Latin America,Chile,Junior,2015-03-31,110210.35
67,Peyton Tucker,Latin America,Colombia,Junior,2018-07-25,95711.12
68,Casey Jensen,Europe,Germany,Director,2021-08-15,134144.05
69,Blair Quinn,North America,Mexico,Senior,2015-10-15,70784.42
70,Casey Owens,Latin America,Colombia,Mid,2015-06-21,116462.21
71,Blair Knight,Middle East,Saudi Arabia,Lead,2022-03-17,135096.97
72,Skyler Knight,Middle East,Israel,Lead,2022-12-07,106863.17
73,Dakota Foster,Middle East,Qatar,Mid,2017-11-09,97481.23
74,Taylor Monroe,North America,Mexico,Lead,2021-05-08,146462.07
75,Peyton Irving,Latin America,Chile,Senior,2017-01-07,102369.56
76,Charlie Davis,Asia Pacific,Japan,Senior,2016-10-18,88502.94
77,Quinn Parker,Europe,Germany,Senior,2023-09-12,131629.46
78,Dakota Evans,Middle East,UAE,Senior,2015-02-06,96302.33
79,Quinn Tucker,Asia Pacific,South Korea,Lead,2015-10-08,66260.45
80,Peyton Quinn,Middle East,Saudi Arabia,Senior,2022-07-22,68343.02
81,Dakota Evans,Europe,Spain,Lead,2022-09-28,143706.91
82,Frankie Evans,Europe,Spain,Senior,2015-03-09,138418.84
83,Quinn Nelson,Asia Pacific,India,Junior,2015-11-21,80910.39
84,Taylor Parker,Europe,Italy,Junior,2016-05-13,113458.45
85,Taylor Jensen,Asia Pacific,Singapore,Director,2022-01-28,128307.38
86,Blair Carter,Europe,UK,Director,2018-08-26,135623.25
87,Avery Carter,Europe,UK,Junior,2020-07-28,69911.55
88,Riley Davis,Asia Pacific,India,Lead,2019-11-21,79042.38
89,Peyton Monroe,North America,Canada,Director,2022-08-28,108213.47
90,Charlie Reed,Middle East,Israel,Senior,2021-12-04,117478.72
91,Riley Tucker,Europe,Germany,Lead,2022-12-06,119817.05
92,Lennon Tucker,Latin America,Argentina,Lead,2022-10-02,133994.82
93,Jamie Davis,Asia Pacific,Australia,Lead,2022-05-14,105531.11
94,Skyler Parker,Latin America,Chile,Junior,2022-08-04,131607.78
95,Cameron Carter,Europe,Italy,Senior,2015-12-30,104559.82
96,Blair Quinn,Europe,UK,Mid,2019-08-25,129621.71
97,Jamie Grant,North America,USA,Lead,2018-08-28,147505.41
98,Jamie Tucker,Asia Pacific,Japan,Lead,2021-09-22,71133.54
99,Lennon Davis,Asia Pacific,South Korea,Mid,2017-08-08,140391.53
100,Casey Davis,Europe,Spain,Lead,2018-02-13,56892.93
